ID,Year_Birth,Education,Marital_Status,Income,Kids,NumDealsPurchases,NumWebPurchases,NumCatalogPurchases,NumStorePurchases
5524,1957,Graduation,Single,58138,0,3,8,10,4
2174,1954,Graduation,Single,46344,2,2,1,1,2
4141,1965,Graduation,Together,71613,0,1,8,2,10
6182,1984,Graduation,Together,26646,1,2,2,0,4
5324,1981,PhD,Married,58293,1,5,5,3,6
7446,1967,Master,Together,62513,1,2,6,4,10
965,1971,Graduation,Divorced,55635,1,4,7,3,7
6177,1985,PhD,Married,33454,1,2,4,0,4
4855,1974,PhD,Together,30351,1,1,3,0,2
5899,1950,PhD,Together,5648,2,1,1,0,0
1994,1983,Graduation,Married,,1,1,1,0,2
387,1976,Basic,Married,7500,0,1,2,0,3
2125,1959,Graduation,Divorced,63033,0,1,3,4,8
8180,1952,Master,Divorced,59354,2,3,6,1,5
2569,1987,Graduation,Married,17323,0,1,1,0,3
2114,1946,PhD,Single,82800,0,1,7,6,12
9736,1980,Graduation,Married,41850,2,3,3,0,3
4939,1946,Graduation,Together,37760,0,2,4,1,6
6565,1949,Master,Married,76995,1,2,11,4,9
2278,1985,2n Cycle,Single,33812,1,2,2,1,3
9360,1982,Graduation,Married,37040,0,1,4,2,5
5376,1979,Graduation,Married,2447,1,15,0,28,0
1993,1949,PhD,Married,58607,1,3,2,3,9
4047,1954,PhD,Married,65324,1,3,6,2,9
1409,1951,Graduation,Together,40689,1,7,7,1,5
7892,1969,Graduation,Single,18589,0,2,2,1,3
2404,1976,Graduation,Married,53359,2,4,5,1,4
5255,1986,Graduation,Single,,1,0,27,0,0
9422,1989,Graduation,Married,38360,1,2,2,1,4
1966,1965,PhD,Married,84618,0,1,6,9,10
6864,1989,Master,Divorced,10979,0,2,3,0,3
3033,1963,Master,Together,38620,0,1,2,5,3
5710,1970,Graduation,Together,40548,1,2,2,1,4
7373,1952,PhD,Divorced,46610,2,6,4,1,6
8755,1946,Master,Married,68657,0,1,3,5,9
10738,1951,Master,Single,49389,2,1,2,0,3
4339,1970,PhD,Married,67353,1,5,5,6,12
10755,1976,2n Cycle,Married,23718,1,3,3,1,2
8595,1973,Graduation,Widow,42429,1,2,1,1,3
2968,1943,PhD,Divorced,48948,0,2,7,10,5
8601,1980,Graduation,Married,80011,1,2,8,6,5
503,1985,Master,Married,20559,1,2,2,0,3
8430,1957,Graduation,Together,21994,1,1,0,0,3
7281,1959,PhD,Single,,0,1,1,3,4
2139,1975,Master,Married,7500,1,3,2,0,3
1371,1976,Graduation,Single,79941,0,1,2,4,9
9909,1996,2n Cycle,Married,7500,0,3,3,1,3
7286,1968,Graduation,Together,41728,1,1,2,0,2
7244,1951,Graduation,Single,,3,3,2,1,4
6566,1954,PhD,Married,72550,2,9,5,2,12
8614,1957,Graduation,Widow,65486,1,1,4,2,10
4114,1964,Master,Married,79143,0,1,6,9,13
1331,1977,Graduation,Single,35790,1,2,2,0,3
2225,1977,Graduation,Divorced,82582,0,1,4,9,7
9381,1978,Graduation,Married,66373,2,7,4,2,10
6260,1955,Master,Together,82384,0,1,3,10,13
10383,1966,Graduation,Divorced,70287,0,1,5,5,10
7437,1988,Graduation,Single,27938,1,1,1,0,4
8557,1982,Graduation,Single,,1,2,2,0,3
8375,1968,PhD,Married,55954,1,3,8,2,6
6853,1982,Master,Single,75777,0,1,3,6,11
3076,1975,Graduation,Together,66653,2,4,4,2,12
1012,1952,Graduation,Single,61823,1,4,8,2,10
6518,1951,PhD,Widow,67680,1,1,7,3,8
4137,1948,Graduation,Together,70666,0,1,7,4,4
8082,1971,Graduation,Married,25721,1,1,1,1,2
1386,1967,Graduation,Together,32474,2,1,1,0,2
9369,1979,2n Cycle,Single,88194,1,1,11,10,10
4477,1958,Graduation,Together,69096,1,1,5,2,10
1357,1970,Graduation,Together,74854,3,7,2,5,5
1402,1954,Master,Married,66991,0,3,4,8,6
10629,1973,2n Cycle,Married,,1,3,3,0,3
6312,1959,Graduation,Married,65031,1,4,10,3,13
8132,1975,PhD,Married,60631,2,5,9,2,8
1050,1952,Graduation,Married,28332,0,1,2,1,4
5846,1977,Graduation,Divorced,40246,1,1,1,0,2
1859,1972,Master,Married,75251,0,1,7,6,5
7503,1976,Graduation,Single,75825,0,0,5,8,9
10401,1976,2n Cycle,Together,26326,0,1,0,0,3
1618,1965,Graduation,Together,56046,0,2,10,1,8
3332,1985,Graduation,Single,29760,1,4,3,1,4
2261,1969,Graduation,Married,26304,1,1,1,0,2
5346,1973,2n Cycle,Married,23559,1,3,3,0,3
4119,1963,Master,Together,38620,0,1,2,5,3
535,1987,Graduation,Divorced,81361,0,1,3,10,13
5268,1960,Graduation,Married,29440,2,2,1,0,4
273,1970,Master,Married,36138,2,5,3,1,4
4452,1957,Graduation,Single,50388,1,4,6,1,6
8504,1973,Graduation,Married,79593,0,1,5,6,7
771,1967,Graduation,Together,54178,1,1,2,2,5
8996,1957,PhD,Married,,3,12,7,2,8
9235,1957,Graduation,Single,,2,1,1,0,2
5798,1973,Master,Together,,0,1,2,4,8
11178,1972,Master,Single,42394,1,1,1,0,3
2230,1970,PhD,Married,23626,1,3,3,1,3
7516,1983,Graduation,Married,30096,1,1,2,0,3
7247,1960,Graduation,Widow,47916,1,5,7,4,6
11100,1972,Graduation,Divorced,51813,2,2,2,0,3
4646,1951,2n Cycle,Married,78497,0,1,5,7,12
3037,1983,PhD,Married,50150,0,2,5,2,7
1473,1960,2n Cycle,Single,47823,1,2,2,0,3
1016,1959,PhD,Single,34554,1,2,2,0,3
4518,1979,Graduation,Together,85693,1,2,9,5,11
9370,1945,PhD,Married,65846,0,1,6,3,6
8908,1959,Graduation,Married,87195,0,1,3,11,5
8373,1979,Basic,Together,24594,1,1,1,0,3
7533,1964,Graduation,Married,49096,2,4,4,1,4
2683,1969,Graduation,Married,52413,2,4,6,4,12
3629,1978,Graduation,Single,38557,1,2,3,1,3
10991,1960,Master,Married,89058,0,1,5,4,4
5077,1979,Graduation,Together,77298,1,1,6,6,11
7431,1991,PhD,Single,68126,0,1,7,4,5
3267,1963,Master,Together,57288,1,3,8,1,8
999,1991,Graduation,Single,86037,0,1,6,7,11
9215,1980,PhD,Married,43974,1,5,6,4,6
2286,1962,Graduation,Single,50785,2,2,2,1,3
1592,1970,Graduation,Married,90765,0,0,4,6,5
367,1978,2n Cycle,Married,36550,1,5,9,1,5
5234,1967,2n Cycle,Together,30753,2,2,1,1,3
9862,1969,Graduation,Together,21918,1,2,2,0,3
9805,1953,Master,Together,56129,1,4,6,2,10
6205,1967,Master,Single,32557,1,3,2,1,3
8442,1985,Master,Married,19510,2,2,1,0,3
7386,1976,Graduation,Divorced,30992,1,1,1,0,3
7215,1983,Graduation,Single,101970,0,0,6,8,13
1491,1965,2n Cycle,Together,71488,0,2,3,4,7
11071,1984,Graduation,Single,79607,0,1,3,6,6
3381,1953,Master,Married,54348,2,2,2,0,4
8268,1961,PhD,Married,,1,3,6,1,7
11051,1956,PhD,Together,77376,2,4,6,3,10
8026,1952,Graduation,Married,62998,1,5,5,4,5
433,1958,Master,Alone,61331,2,5,11,1,6
9597,1969,Graduation,Married,73448,0,1,7,2,9
1295,1963,Graduation,Married,,1,1,6,5,7
5290,1964,PhD,Married,41551,2,5,5,1,5
1685,1967,PhD,Together,62981,0,1,4,5,13
5342,1976,Basic,Divorced,9548,1,2,1,0,3
9579,1959,PhD,Married,33762,3,3,2,2,2
7660,1973,PhD,Alone,35860,2,2,1,1,2
1461,1965,PhD,Divorced,36921,2,2,2,0,3
821,1992,Master,Single,92859,0,1,5,4,12
11084,1976,Master,Together,65104,1,2,3,5,7
8690,1962,Graduation,Married,86111,0,1,5,7,10
2937,1974,PhD,Single,68352,1,3,8,5,9
9701,1988,Graduation,Together,41883,1,3,4,2,3
9949,1976,Graduation,Married,59809,2,3,3,3,6
10837,1975,Graduation,Married,23957,1,1,2,0,3
3120,1981,Graduation,Together,38547,1,1,1,0,2
5885,1973,2n Cycle,Married,35688,3,7,4,1,4
4050,1966,Master,Married,49605,0,1,2,1,4
3830,1953,Master,Married,59354,2,1,4,4,7
7987,1969,Graduation,Married,65747,1,4,8,1,6
7798,1972,2n Cycle,Together,46344,1,4,7,1,5
92,1988,Graduation,Alone,34176,1,4,3,0,4
7055,1952,PhD,Together,61010,1,2,8,5,11
10240,1949,Graduation,Together,69372,0,1,10,4,6
3025,1958,Graduation,Single,49967,1,3,6,1,5
9283,1978,Graduation,Single,60199,3,1,0,0,3
9970,1977,Graduation,Together,55375,1,1,1,1,6
2730,1955,Graduation,Single,80317,0,1,3,4,10
2795,1958,Master,Single,30523,3,1,1,0,2
9260,1945,PhD,Married,70356,0,2,10,6,9
8182,1984,Graduation,Married,23228,1,4,3,0,4
10095,1975,PhD,Divorced,74165,0,1,5,4,10
8475,1973,PhD,Married,157243,1,15,0,22,0
4370,1966,Graduation,Together,43482,3,3,2,0,4
10573,1953,Graduation,Divorced,62551,0,1,6,7,4
3712,1959,Graduation,Divorced,52332,0,1,3,2,6
6637,1988,Graduation,Single,66951,0,1,3,4,7
3152,1957,Graduation,Together,26091,2,3,2,1,3
5610,1965,Graduation,Together,33456,2,2,1,0,3
6460,1982,Graduation,Married,28718,1,2,2,0,3
1349,1970,Graduation,Married,50447,2,1,3,1,3
1880,1959,PhD,Together,53537,2,2,2,1,3
641,1967,Graduation,Single,52074,1,1,2,2,2
8717,1975,PhD,Married,80427,1,1,11,8,8
10314,1948,PhD,Married,83837,0,1,9,10,5
10854,1970,PhD,Married,38853,2,2,2,0,3
10492,1959,Graduation,Together,38285,3,1,0,0,3
6935,1951,2n Cycle,Married,78497,0,1,5,7,12
7698,1976,PhD,Married,51650,1,1,4,1,4
3559,1988,2n Cycle,Married,16248,1,3,2,1,3
10562,1946,Master,Married,66835,0,1,6,4,13
10796,1984,Master,Married,30477,1,1,1,1,3
2563,1961,Basic,Married,28249,0,1,2,0,3
3518,1983,Graduation,Married,25271,1,1,1,1,2
5823,1970,PhD,Single,32303,1,2,1,0,4
3934,1966,Graduation,Married,61286,1,2,7,1,8
6982,1976,Graduation,Married,74068,0,1,4,10,9
6431,1964,PhD,Married,45759,2,2,2,0,3
9733,1978,Basic,Together,24882,1,1,1,1,2
5602,1989,PhD,Together,66973,0,1,8,7,12
7829,1900,2n Cycle,Divorced,36640,1,1,2,1,2
1324,1988,Graduation,Married,38872,1,2,3,0,3
326,1973,Graduation,Married,51148,2,4,5,1,6
7224,1977,Graduation,Married,31353,2,2,1,1,2
6999,1980,Master,Married,69661,0,1,7,3,12
9938,1954,Graduation,Married,80067,0,1,4,6,6
6422,1954,Graduation,Married,86718,0,1,5,6,5
3182,1973,PhD,Single,46854,2,6,5,1,3
7300,1952,Graduation,Divorced,69142,1,3,8,1,7
10424,1968,Graduation,Single,75922,0,1,4,4,9
8727,1978,Graduation,Divorced,63693,1,3,11,6,9
2798,1977,PhD,Together,102160,0,0,7,9,10
1030,1965,PhD,Single,40637,2,2,1,0,3
624,1984,Master,Single,18890,0,1,0,1,2
5176,1988,Graduation,Together,29604,1,1,1,0,3
5552,1963,Master,Divorced,48721,2,6,4,2,5
868,1966,Graduation,Married,44794,1,1,2,0,3
380,1954,Graduation,Divorced,64497,1,5,11,4,9
2677,1956,Graduation,Together,46097,1,5,3,1,6
6521,1954,Graduation,Together,77972,0,1,4,6,9
6927,1968,PhD,Married,44377,2,8,5,1,5
2877,1974,Master,Together,46014,2,10,7,1,8
0,1985,Graduation,Married,70951,0,1,3,4,9
1584,1977,Graduation,Married,41443,1,6,8,1,5
7264,1978,2n Cycle,Single,52195,3,1,1,0,2
6274,1948,Master,Married,83790,0,1,8,10,6
1377,1954,Master,Widow,44551,1,2,4,1,5
454,1980,Graduation,Together,69508,1,2,11,4,11
1755,1988,2n Cycle,Together,45204,1,1,1,1,4
2075,1969,Graduation,Married,72460,0,1,3,5,7
4785,1970,PhD,Together,77622,2,2,6,3,11
9076,1980,PhD,Married,30732,1,4,4,1,4
7079,1962,Graduation,Divorced,63887,1,5,9,6,12
4653,1978,Graduation,Together,42011,1,4,3,1,4
7375,1976,Graduation,Together,51369,1,2,8,2,4
709,1952,Graduation,Divorced,51537,1,3,2,2,11
460,1972,PhD,Married,79930,0,1,3,5,8
3726,1986,PhD,Together,34320,1,1,1,0,2
6798,1966,Graduation,Single,37070,2,9,5,1,8
5341,1962,2n Cycle,Divorced,81975,1,1,6,3,4
1606,1971,Graduation,Together,38590,1,1,1,0,2
9617,1951,Graduation,Single,15033,0,1,1,0,3
3233,1965,PhD,Married,62745,1,3,7,8,11
89,1975,2n Cycle,Married,22212,1,2,2,0,4
2936,1982,Master,Together,23661,1,1,1,0,3
9449,1958,PhD,Single,79761,1,1,5,2,11
7297,1973,Graduation,Single,7500,1,4,3,1,3
11004,1893,2n Cycle,Single,60182,1,1,1,0,2
313,1968,Graduation,Widow,73455,0,1,6,5,10
9940,1958,Graduation,Together,64961,1,2,6,4,4
10735,1971,Graduation,Single,22804,1,1,2,0,2
9529,1990,Graduation,Married,73687,0,1,3,9,9
6439,1958,Graduation,Married,61074,1,7,11,5,8
7411,1964,PhD,Married,31686,2,2,1,0,3
2176,1972,Graduation,Married,80134,1,2,5,3,6
9265,1953,Graduation,Married,75027,1,2,9,4,6
8867,1988,PhD,Married,67546,0,1,4,10,5
8932,1969,Master,Together,65176,1,4,9,6,6
10236,1975,Master,Single,31160,1,2,2,0,3
6340,1985,Graduation,Single,29938,1,2,1,0,3
10089,1974,Graduation,Divorced,102692,0,1,6,9,13
2227,1958,2n Cycle,Together,26490,0,2,3,1,5
10992,1967,Graduation,Together,75702,2,5,4,6,11
5304,1974,PhD,Single,30899,1,2,1,0,3
309,1961,PhD,Together,63342,1,3,8,3,5
3406,1964,Graduation,Single,45989,1,4,3,2,7
2661,1964,Graduation,Single,18701,2,4,2,0,4
3153,1957,PhD,Single,40737,3,1,1,0,2
10264,1979,Graduation,Divorced,15287,1,2,1,1,2
1184,1968,PhD,Divorced,69674,2,3,10,2,10
4200,1970,Master,Married,44159,1,4,4,1,6
9396,1978,PhD,Married,37717,1,1,1,0,2
2387,1952,Master,Together,43776,2,6,5,2,4
6690,1966,Master,Married,38179,2,4,3,1,3
1225,1963,Graduation,Married,80124,0,1,3,7,8
9703,1970,PhD,Married,38097,2,4,3,2,2
291,1970,Graduation,Married,72940,0,1,3,3,6
4557,1970,Graduation,Together,22070,1,2,2,2,2
2379,1953,Graduation,Single,69267,0,2,3,4,5
5726,1983,Master,Single,31788,1,3,3,0,4
3066,1975,PhD,Together,61905,1,2,4,2,4
6336,1960,Graduation,Married,29315,2,4,2,0,4
10967,1963,Graduation,Divorced,33378,2,3,2,0,4
2304,1963,PhD,Together,66313,1,2,6,3,12
3445,1956,Graduation,Single,60714,0,2,7,4,10
7828,1981,Master,Together,77882,0,1,3,3,5
3762,1986,PhD,Single,69867,0,1,3,5,8
4391,1968,Master,Divorced,63841,1,1,9,3,9
4669,1981,Basic,Married,24480,1,3,3,0,4
10144,1976,Graduation,Together,51369,1,2,8,2,4
8652,1946,Graduation,Together,37760,0,2,4,1,6
1672,1974,PhD,Together,65640,1,1,5,1,8
8962,1975,Master,Married,44319,2,2,2,0,3
9974,1974,Graduation,Married,30631,1,1,3,1,2
10983,1952,Graduation,Together,75278,0,1,6,3,13
8148,1956,Master,Together,50898,2,13,6,2,12
10102,1966,Graduation,Widow,79946,0,1,5,11,5
4697,1949,Master,Divorced,35416,0,3,7,1,5
9262,1984,2n Cycle,Together,32414,0,1,1,0,3
7254,1969,Graduation,Together,38361,1,3,3,1,3
4543,1980,Graduation,Married,82497,0,1,2,7,9
4927,1971,Graduation,Together,16626,2,3,3,0,3
10451,1965,Graduation,Together,29672,2,1,0,0,3
2926,1952,Master,Together,55951,1,3,3,6,11
2874,1988,2n Cycle,Divorced,35388,1,1,1,0,3
9738,1986,Master,Together,42386,1,1,3,0,3
7119,1982,Graduation,Single,68627,0,1,2,3,6
3924,1965,PhD,Divorced,57912,1,5,8,3,12
5827,1958,Graduation,Divorced,35246,2,4,3,1,3
5596,1956,2n Cycle,Together,58821,1,1,9,2,9
10812,1978,PhD,Married,46377,1,1,2,1,3
1717,1988,Graduation,Single,39747,1,3,5,1,4
9491,1984,Graduation,Together,23976,1,3,3,1,3
9274,1961,Master,Married,80950,0,1,6,7,9
6609,1966,Graduation,Widow,27038,0,1,3,0,3
6963,1947,Graduation,Single,77457,0,1,2,5,10
4440,1964,Master,Married,64100,1,1,8,3,6
1379,1992,Master,Together,42670,0,1,4,2,4
10032,1976,Graduation,Divorced,12571,1,4,3,1,3
2826,1967,Graduation,Married,22574,3,2,2,0,3
2437,1989,Graduation,Married,,0,1,6,5,12
6320,1976,Master,Single,70893,0,1,6,6,10
3050,1966,Graduation,Married,54198,2,6,3,1,6
231,1956,Master,Together,28839,2,2,2,0,3
2392,1972,Graduation,Married,40321,2,2,3,0,3
9478,1985,Graduation,Single,66503,1,2,4,3,6
113,1951,Graduation,Married,30833,2,2,1,0,3
2863,1970,Graduation,Single,,3,6,2,3,10
1802,1971,Graduation,Married,64795,1,3,3,3,12
520,1974,Graduation,Married,34421,1,1,1,0,2
8275,1965,PhD,Divorced,47025,2,1,1,0,2
9750,1961,PhD,Divorced,64325,1,5,10,3,5
2607,1953,Graduation,Single,40464,1,6,8,2,8
7214,1957,Graduation,Married,62187,0,1,4,8,5
5835,1976,PhD,Divorced,14849,1,3,2,0,4
3896,1984,Graduation,Married,27255,1,1,1,0,3
10350,1950,PhD,Married,54432,3,1,1,0,3
7786,1986,PhD,Single,29999,1,4,3,1,4
2861,1983,Graduation,Single,24072,1,1,1,0,2
663,1989,PhD,Single,33996,0,1,1,1,3
10675,1956,PhD,Married,66334,1,2,9,3,5
2521,1971,Master,Married,35178,1,1,1,1,2
9592,1983,Graduation,Together,22010,1,2,2,0,3
10151,1960,Graduation,Divorced,62204,2,1,4,5,12
7381,1968,Graduation,Divorced,75693,0,1,11,4,6
4099,1972,Graduation,Married,30675,1,1,1,0,3
9560,1965,Graduation,Together,83003,0,1,7,6,8
1150,1899,PhD,Together,83532,0,1,4,6,4
10172,1988,Graduation,Single,68655,0,1,4,5,11
11191,1986,Graduation,Divorced,41411,0,1,2,1,4
9707,1969,PhD,Married,55212,1,3,4,2,11
6245,1950,PhD,Together,59292,1,2,3,5,8
8234,1973,Basic,Together,27190,1,1,1,0,2
1411,1952,Graduation,Divorced,82623,0,1,2,9,4
8553,1965,Graduation,Married,44300,2,2,1,0,3
1826,1970,Graduation,Divorced,84835,0,1,4,4,6
8842,1971,Graduation,Widow,30372,2,3,2,0,3
11030,1976,Master,Married,33181,1,1,1,0,2
2579,1957,Graduation,Married,71113,1,4,6,7,9
175,1986,Graduation,Married,71952,1,2,8,4,8
9185,1966,PhD,Single,69759,0,3,4,6,5
11056,1974,Graduation,Married,72099,0,1,3,4,10
9365,1976,PhD,Single,60000,1,5,11,3,5
6201,1978,Graduation,Single,38643,2,2,2,0,3
2061,1955,Graduation,Married,50737,1,1,2,0,4
6184,1969,PhD,Married,68462,0,1,3,3,8
6142,1943,Master,Married,65073,0,1,5,3,5
4107,1948,PhD,Together,46681,2,2,4,6,4
7274,1957,Graduation,Married,78618,0,1,4,7,10
9336,1969,PhD,Widow,62187,1,3,6,2,10
2958,1978,Graduation,Married,28442,2,3,2,1,4
933,1978,PhD,Married,37717,1,1,1,0,2
5837,1967,Graduation,Married,51479,2,7,6,3,6
10704,1969,Graduation,Single,54803,1,2,6,2,9
5125,1960,Graduation,Married,79530,0,1,4,10,11
4432,1976,Graduation,Divorced,31615,1,2,2,0,3
5955,1962,Graduation,Together,72025,0,1,4,3,8
2928,1975,PhD,Single,52614,1,2,2,4,8
5680,1984,2n Cycle,Married,35684,1,1,1,0,3
10313,1975,Graduation,Married,48178,2,6,5,1,4
2557,1970,Master,Single,29548,1,1,1,1,2
1245,1966,Graduation,Single,63810,1,4,4,3,12
1519,1972,PhD,Single,38578,2,3,3,0,3
10703,1975,Master,Single,46098,2,4,3,2,2
1726,1970,Graduation,Single,22585,0,1,1,1,2
4459,1989,Graduation,Single,30279,1,1,1,0,3
1729,1961,PhD,Together,66426,1,2,3,5,10
1517,1969,Graduation,Single,30822,1,1,1,0,3
2098,1969,PhD,Married,33581,2,1,1,0,2
9543,1985,Graduation,Married,19986,1,1,0,0,3
6878,1954,Graduation,Widow,27421,0,3,4,1,6
3310,1973,2n Cycle,Married,35688,3,7,4,1,4
2724,1981,Master,Single,36143,1,1,0,1,2
948,1971,Graduation,Single,10245,1,3,1,2,2
6720,1968,Master,Together,43795,1,3,7,3,4
6202,1960,Graduation,Together,63381,1,4,4,5,13
2066,1949,Graduation,Together,38823,1,1,2,1,3
9799,1968,PhD,Divorced,83664,2,3,2,2,12
8318,1979,Graduation,Together,90300,0,0,5,6,8
5642,1979,Master,Together,62499,1,2,3,1,6
2669,1993,Graduation,Single,74293,0,1,5,4,6
455,1946,PhD,Married,51012,0,1,4,1,4
7683,1968,Master,Married,70777,1,3,5,3,12
3428,1991,PhD,Together,68682,0,1,4,9,10
7414,1971,Graduation,Married,43824,2,4,3,1,4
6354,1984,Graduation,Together,15345,1,2,1,1,2
798,1987,Graduation,Single,23442,1,1,1,0,3
8213,1980,2n Cycle,Together,14515,1,4,2,2,3
2488,1956,2n Cycle,Divorced,31395,2,4,2,1,3
9999,1965,Graduation,Together,75276,0,1,9,4,9
7617,1974,Graduation,Single,42373,2,5,2,1,5
615,1960,Graduation,Together,30507,0,1,5,1,4
2552,1955,PhD,Single,55521,3,9,6,3,6
194,1965,Graduation,Married,48006,2,1,1,0,3
3645,1972,PhD,Single,27213,1,3,2,0,4
8890,1971,PhD,Divorced,65808,2,3,5,1,5
5049,1974,PhD,Together,30351,1,1,3,0,2
9973,1963,Graduation,Married,50437,2,3,7,1,8
7301,1982,2n Cycle,Single,23616,1,2,3,0,3
10882,1976,Graduation,Married,53858,1,4,4,3,6
7030,1955,PhD,Married,66465,1,3,11,9,12
7422,1987,Graduation,Single,46923,1,3,5,1,7
3523,1962,Graduation,Together,75072,1,2,5,4,8
7106,1943,PhD,Married,75865,0,1,3,5,10
6504,1975,2n Cycle,Together,19789,1,3,2,1,3
5067,1994,Graduation,Together,80134,0,1,2,7,11
4216,1981,Graduation,Single,91065,0,1,7,9,9
8581,1971,Master,Married,49505,2,9,10,2,8
5929,1973,PhD,Married,37401,1,2,2,0,3
3129,1983,Graduation,Married,30096,1,1,2,0,3
6528,1982,Master,Together,18492,1,1,1,0,2
1361,1974,Master,Married,82584,0,1,3,4,8
6932,1941,PhD,Married,93027,0,0,7,10,5
7284,1953,Graduation,Married,48686,3,1,1,0,2
1340,1986,Graduation,Married,92910,0,1,6,7,13
8746,1989,Graduation,Married,75433,1,2,2,5,10
5987,1989,2n Cycle,Together,10404,1,2,1,0,4
3767,1968,Graduation,Married,61314,1,2,5,5,12
3725,1961,PhD,Single,84865,0,1,2,4,9
4324,1989,Graduation,Married,42387,1,5,8,1,7
238,1967,2n Cycle,Together,67309,2,15,9,6,9
6694,1964,Graduation,Married,75236,1,1,8,3,13
498,1970,Graduation,Single,30015,1,2,1,0,4
9347,1956,Master,Together,50943,1,1,1,0,3
9699,1966,Graduation,Divorced,67272,1,3,6,2,12
10664,1949,Master,Widow,51529,1,2,9,1,5
5455,1971,PhD,Married,32011,1,3,2,1,4
456,1986,2n Cycle,Married,7500,1,2,2,0,3
5012,1989,Graduation,Married,28691,1,1,1,0,3
7495,1948,PhD,Married,56223,1,2,2,1,5
5029,1946,Graduation,Married,18100,0,1,0,0,3
10642,1989,Graduation,Single,30279,1,1,1,0,3
2106,1974,2n Cycle,Married,20130,0,1,1,0,3
10364,1959,Graduation,Divorced,23295,0,1,1,0,2
5954,1972,Master,Divorced,42618,1,2,5,0,4
1137,1964,Graduation,Single,81246,0,1,4,5,7
2541,1976,Graduation,Married,24027,1,2,2,0,3
1142,1953,PhD,Married,55707,1,2,3,2,9
2276,1955,Graduation,Single,57959,1,5,4,7,11
2807,1969,Graduation,Married,56796,1,3,8,9,7
6471,1971,Master,Single,36230,1,1,2,0,4
6131,1980,2n Cycle,Married,70829,2,2,4,2,8
6233,1976,Graduation,Married,65991,1,3,9,5,10
4148,1972,Graduation,Married,38988,3,7,5,1,6
4947,1966,2n Cycle,Single,89572,0,1,7,7,9
3225,1984,Master,Married,42207,1,4,4,1,5
7540,1952,Graduation,Married,50300,1,2,2,1,8
10648,1982,2n Cycle,Together,66664,0,1,5,7,6
1992,1964,Graduation,Married,60597,1,4,2,2,8
7851,1949,Graduation,Widow,70165,0,1,3,7,11
8594,1958,PhD,Widow,50520,1,2,3,1,3
7059,1963,Graduation,Married,80124,0,1,3,7,8
2815,1975,Graduation,Married,33183,1,2,4,0,3
2416,1969,PhD,Single,66582,0,1,2,8,9
7999,1955,PhD,Together,75261,0,1,5,6,5
9213,1970,Graduation,Widow,31880,1,1,1,0,2
9697,1951,Graduation,Married,53790,2,3,7,2,8
3916,1971,PhD,Together,49269,1,3,7,3,12
2021,1975,Graduation,Married,61456,1,4,6,10,13
1581,1980,Graduation,Married,37406,1,1,1,0,2
564,1981,PhD,Together,56937,1,7,8,6,9
6619,1978,Graduation,Married,38415,2,2,1,0,3
9081,1988,Graduation,Single,20518,1,1,1,1,2
178,1956,Graduation,Married,62503,1,4,8,3,11
916,1972,PhD,Single,41644,2,2,1,0,3
5512,1977,Master,Married,55842,1,1,7,1,8
8970,1972,PhD,Married,62010,1,4,6,2,7
10581,1977,Graduation,Married,41124,1,7,7,3,4
5300,1973,Master,Married,38961,1,1,2,1,2
5154,1972,Master,Divorced,37760,1,1,2,0,3
8346,1974,Graduation,Single,32233,1,2,6,2,2
1676,1975,Graduation,Married,43057,1,4,4,2,5
9286,1960,Master,Together,83151,0,1,5,9,4
2426,1964,PhD,Divorced,78825,0,1,5,10,13
5172,1976,Master,Together,65104,1,2,3,5,7
5562,1974,Graduation,Married,60093,1,2,7,2,10
3436,1969,Graduation,Married,14045,1,1,1,0,3
3921,1952,2n Cycle,Widow,28457,0,1,4,1,4
3403,1958,PhD,Together,78952,1,2,2,5,12
22,1976,Graduation,Divorced,46310,1,2,6,1,5
10965,1955,Graduation,Together,76005,0,1,3,5,13
9426,1964,Master,Single,58308,1,4,2,6,3
6605,1944,PhD,Divorced,55614,0,1,9,4,6
3136,1962,Master,Divorced,59432,1,3,5,3,11
8737,1978,Graduation,Divorced,55563,1,1,2,0,3
11088,1971,PhD,Together,78642,1,1,4,9,4
716,1949,PhD,Together,67911,1,3,6,7,11
466,1944,Graduation,Married,65275,0,1,4,3,13
9135,1950,Graduation,Together,27203,2,2,1,1,2
10623,1961,Master,Together,48330,1,1,1,0,3
8151,1990,Basic,Married,24279,0,1,4,1,3
5140,1985,PhD,Married,64355,1,2,4,3,12
10160,1956,Master,Together,50943,1,1,1,0,3
4945,1953,Graduation,Widow,53653,0,2,10,4,12
10584,1976,Graduation,Married,65665,1,1,5,10,8
6071,1989,Graduation,Single,81217,0,1,3,7,11
3386,1992,Graduation,Married,34935,0,1,2,1,4
8939,1959,Graduation,Divorced,61250,1,6,5,2,12
9925,1981,PhD,Together,39665,1,3,4,2,3
4320,1979,Graduation,Single,60152,1,1,6,4,12
5389,1964,Graduation,Married,48920,2,3,6,2,5
6036,1959,Master,Together,89120,0,1,5,6,7
182,1946,PhD,Together,44124,1,4,6,2,5
203,1975,Master,Single,81169,0,1,5,7,9
11025,1961,Graduation,Married,36443,2,4,3,1,3
10203,1990,Graduation,Single,26095,1,1,1,0,3
4607,1959,Graduation,Together,71367,0,1,4,5,7
3711,1944,Master,Married,80184,0,1,6,3,10
3696,1965,Graduation,Divorced,30630,2,2,2,0,3
2532,1987,Master,Single,73454,0,1,2,4,6
9214,1991,Graduation,Married,42691,0,1,5,1,6
4943,1953,Graduation,Married,70503,0,1,2,4,9
35,1987,Graduation,Married,25545,1,3,2,2,3
2258,1986,Graduation,Married,32880,1,1,1,0,3
4322,1958,PhD,Together,77863,0,1,4,5,10
713,1977,Master,Married,50353,0,1,4,4,6
4702,1964,Graduation,Single,61839,0,1,4,8,4
3281,1960,PhD,Married,49154,2,6,4,1,8
702,1975,2n Cycle,Widow,47682,1,4,4,3,8
2004,1969,Graduation,Single,72679,1,1,4,7,5
4769,1977,Master,Together,57954,2,7,8,2,6
4437,1962,Graduation,Married,65316,2,2,3,2,5
8724,1982,Graduation,Single,28567,1,2,2,0,3
10741,1951,Master,Together,47352,1,4,6,1,5
1991,1967,Graduation,Together,44931,1,1,2,1,3
6931,1967,Graduation,Divorced,76982,0,1,8,3,4
11096,1952,2n Cycle,Together,57247,1,2,2,1,7
304,1981,Master,Single,22944,1,3,3,0,3
3665,1977,2n Cycle,Together,25315,1,3,3,0,3
10591,1969,Graduation,Widow,43638,1,2,4,1,4
5036,1984,PhD,Single,42710,1,2,4,5,3
5547,1982,PhD,Married,84169,0,1,7,6,6
7822,1976,Graduation,Together,54058,1,2,4,6,8
8541,1990,2n Cycle,Married,24683,1,2,2,0,4
10955,1964,Graduation,Widow,85620,0,1,3,6,4
4368,1980,Graduation,Married,47850,1,1,3,0,4
9671,1968,Graduation,Married,19514,2,4,3,1,2
2256,1973,Master,Married,27159,2,2,1,0,3
4279,1963,2n Cycle,Single,39548,2,2,1,1,3
5371,1989,Graduation,Single,21474,1,2,3,1,2
9240,1971,PhD,Single,60504,1,2,6,2,8
9460,1963,Graduation,Married,22419,0,1,3,2,2
9504,1949,Master,Married,81698,0,1,3,8,13
8692,1952,Graduation,Together,43462,2,6,4,1,5
448,1978,PhD,Single,54880,1,2,6,2,11
8314,1982,Graduation,Married,79908,0,1,5,6,7
8420,1970,2n Cycle,Married,15315,0,2,2,0,4
3174,1959,Graduation,Together,87771,1,1,5,10,4
7685,1978,Graduation,Married,33039,1,1,2,0,4
3179,1980,Graduation,Single,81741,0,0,6,6,7
9780,1971,Master,Together,71499,1,2,8,3,13
10681,1970,2n Cycle,Married,62466,1,5,6,3,12
10232,1963,PhD,Divorced,48799,1,3,3,2,7
4184,1950,PhD,Together,52157,1,2,3,2,5
9120,1962,Graduation,Single,66565,1,4,4,2,9
891,1951,Master,Together,29298,2,1,1,0,2
10381,1979,Graduation,Single,47691,1,1,1,0,2
3525,1970,Graduation,Together,38200,2,1,1,0,2
6818,1974,Graduation,Married,44989,1,5,5,1,5
3526,1968,PhD,Married,38443,2,2,1,0,3
8181,1978,2n Cycle,Single,38593,1,3,4,1,3
1029,1970,PhD,Together,64413,1,1,5,1,5
7369,1981,Master,Married,36959,1,2,2,0,3
2574,1977,PhD,Married,61996,1,3,6,4,8
8159,1968,Graduation,Married,51287,2,3,4,1,3
1160,1970,Graduation,Married,13260,2,4,3,0,3
10242,1966,PhD,Together,47472,2,2,2,0,4
5253,1956,Master,Together,54603,2,6,4,2,4
5966,1974,PhD,Married,45207,2,5,3,1,6
5314,1951,Graduation,Together,40689,1,7,7,1,5
5081,1967,2n Cycle,Together,47821,2,1,1,0,3
5123,1951,Master,Married,27450,0,1,2,1,3
5756,1983,Graduation,Together,39453,1,2,2,0,3
8036,1971,2n Cycle,Together,26850,2,4,2,1,4
9058,1955,Graduation,Widow,79800,0,1,5,11,5
5057,1961,Master,Married,61794,1,2,4,4,10
254,1955,Graduation,Together,53863,1,3,7,1,7
4179,1959,Graduation,Together,24221,0,1,1,1,3
3710,1984,PhD,Single,39684,1,2,2,1,2
7627,1975,Master,Married,92163,0,0,5,11,5
4501,1965,Master,Single,69882,0,1,3,7,9
6424,1977,Graduation,Together,33178,1,1,1,0,3
3075,1972,PhD,Married,59973,0,1,3,4,7
4992,1975,Master,Together,17459,1,3,3,1,2
5252,1969,Graduation,Divorced,23910,1,1,2,0,3
7444,1969,Master,Married,42169,2,2,1,0,3
6919,1978,2n Cycle,Married,26224,1,3,2,1,3
3537,1981,Graduation,Together,31089,1,3,3,0,4
10277,1961,Graduation,Single,30081,1,1,1,0,3
2453,1960,Graduation,Together,62807,1,3,5,3,12
7972,1955,Graduation,Single,72906,0,1,3,4,9
895,1948,PhD,Married,61467,2,3,5,2,10
1177,1966,Master,Together,49618,2,4,3,1,3
7141,1986,Master,Single,21888,1,4,5,1,2
7232,1973,Graduation,Widow,42429,1,2,1,1,3
8477,1956,Graduation,Divorced,26150,3,1,1,0,3
2457,1975,Basic,Married,30801,1,2,1,0,3
988,1965,Graduation,Married,81168,0,1,6,4,7
7930,1969,Master,Single,26877,0,2,3,1,6
4587,1944,Master,Widow,45006,0,1,3,1,7
6682,1973,Basic,Married,18978,1,1,1,0,3
6222,1967,Graduation,Married,22574,3,2,2,0,3
10299,1969,PhD,Single,48240,0,3,6,3,13
3083,1974,Graduation,Married,45837,2,5,6,2,5
8953,1965,Master,Single,35791,3,2,1,0,3
1503,1976,PhD,Together,162397,2,0,0,0,1
8650,1978,Graduation,Widow,54162,2,1,1,0,3
10862,1960,Master,Married,30522,1,5,1,2,9
2782,1961,PhD,Married,54456,1,3,6,1,7
6941,1971,Graduation,Single,31632,0,1,2,1,2
10972,1949,Graduation,Widow,72298,0,1,4,3,6
10708,1978,2n Cycle,Single,36975,1,1,1,0,3
6583,1955,2n Cycle,Married,72635,0,1,6,8,6
3641,1976,Graduation,Married,13624,1,2,2,0,3
10156,1975,Graduation,Single,84196,1,1,8,4,7
4299,1960,Graduation,Together,70971,1,7,11,11,5
3469,1977,PhD,Divorced,34487,2,3,3,0,3
5063,1977,Graduation,Single,28769,1,3,4,1,4
10727,1970,PhD,Married,69084,1,2,7,3,13
9624,1958,PhD,Together,65488,0,1,3,4,6
5156,1970,2n Cycle,Married,62466,1,5,6,3,12
4376,1960,2n Cycle,Single,32218,0,1,2,1,3
8923,1973,Graduation,Single,83917,0,1,6,7,7
8461,1962,Graduation,Divorced,46102,3,1,1,0,2
6945,1952,Graduation,Single,84574,0,1,9,11,11
944,1962,Graduation,Married,56181,1,1,4,2,7
1907,1950,Master,Divorced,63120,1,5,8,4,9
701,1971,Graduation,Married,73691,1,2,6,2,8
3856,1960,Graduation,Together,63381,1,4,4,5,13
4149,1948,PhD,Together,76140,0,1,5,9,6
2131,1959,PhD,Divorced,62859,1,4,9,4,6
2942,1964,Graduation,Single,45906,1,2,5,4,4
1173,1947,Master,Together,77632,0,1,4,2,6
4381,1971,PhD,Married,46463,2,7,3,1,6
4611,1970,Graduation,Together,105471,0,0,9,8,13
3376,1970,Master,Divorced,55282,1,1,3,1,6
4679,1977,Master,Married,78710,1,3,7,6,12
10928,1958,Graduation,Together,66886,1,2,7,1,7
4248,1960,Master,Single,98777,0,0,4,6,9
6728,1985,Graduation,Together,29103,1,2,1,0,3
6661,1974,Graduation,Married,67445,1,5,9,6,12
4725,1950,PhD,Together,50616,1,1,1,1,4
3277,1955,Graduation,Divorced,49431,1,2,7,1,5
5555,1975,Graduation,Divorced,153924,0,0,0,0,0
2564,1953,Graduation,Together,61278,1,2,3,1,4
946,1958,2n Cycle,Together,26490,0,2,3,1,5
3867,1947,PhD,Together,73059,1,1,9,3,13
6940,1966,PhD,Single,46734,3,4,3,2,3
55,1963,Graduation,Together,56253,1,4,7,2,9
7093,1985,Graduation,Married,19986,1,1,0,0,3
5084,1975,Graduation,Widow,58330,1,1,6,4,13
1777,1980,Basic,Married,25965,0,1,2,0,3
8162,1956,Master,Together,14661,0,1,1,0,3
10826,1959,Graduation,Married,18690,0,1,1,1,2
8754,1974,PhD,Together,45068,1,1,1,0,2
1987,1987,Basic,Single,21063,1,2,2,0,3
11007,1968,PhD,Married,29187,1,1,1,0,3
7426,1971,2n Cycle,Married,54690,2,3,3,1,5
9153,1964,PhD,Married,59304,1,3,7,8,10
10379,1962,Master,Single,59247,2,5,5,2,9
9204,1970,Graduation,Widow,66731,1,4,4,3,6
3197,1980,Graduation,Married,77353,1,2,6,4,8
2920,1975,PhD,Single,52614,1,2,2,4,8
6961,1974,Graduation,Married,26751,2,1,1,0,2
4673,1963,PhD,Married,81300,1,3,10,3,5
9937,1979,Graduation,Single,70337,0,1,2,2,12
8779,1985,2n Cycle,Married,36145,1,4,4,1,3
9596,1980,PhD,Single,65295,0,1,3,3,13
2891,1963,Graduation,Divorced,68118,1,2,8,9,4
4910,1967,Graduation,Divorced,68743,0,1,11,5,13
75,1982,2n Cycle,Together,41039,0,1,8,1,5
10120,1955,Graduation,Together,38946,1,2,3,1,6
6327,1967,Graduation,Together,65777,0,1,2,8,6
10142,1976,PhD,Divorced,66476,1,2,5,2,11
9826,1972,PhD,Single,86857,0,1,5,6,10
1501,1982,PhD,Married,160803,0,15,0,28,1
10767,1989,PhD,Together,77845,0,1,3,5,12
7279,1969,PhD,Together,69476,0,1,4,6,4
7230,1960,PhD,Divorced,50611,1,6,4,5,7
143,1970,Graduation,Single,61209,0,1,5,3,4
450,1958,Master,Together,42315,1,3,1,4,4
9316,1952,Basic,Together,13084,0,1,1,0,3
6379,1949,Master,Widow,47570,2,3,2,2,2
9239,1961,Master,Married,61923,2,1,2,1,4
8315,1995,Graduation,Single,34824,0,1,1,0,2
2868,1949,PhD,Single,26518,2,3,2,0,3
10888,1961,Graduation,Single,45938,0,2,8,4,6
1277,1960,Graduation,Together,78468,0,1,10,7,10
9977,1973,Graduation,Divorced,78901,1,3,9,3,5
10196,1978,Graduation,Married,71427,2,2,8,2,8
6384,1978,Graduation,Divorced,71022,1,3,5,2,11
8029,1988,Master,Single,90247,0,1,3,4,7
968,1968,Master,Divorced,41335,1,3,4,1,4
6988,1986,Graduation,Married,71952,1,2,8,4,8
4472,1970,PhD,Divorced,35682,1,1,1,1,3
6991,1951,Graduation,Divorced,43185,1,2,9,3,6
3336,1948,PhD,Together,66375,1,3,2,4,5
4301,1971,Master,Married,35178,1,1,1,1,2
1940,1986,Graduation,Married,25252,1,1,1,0,2
1272,1965,Master,Single,55250,1,4,7,5,10
1388,1975,Graduation,Single,33249,1,2,2,1,3
1044,1953,Graduation,Together,58398,0,3,5,4,8
6969,1982,Graduation,Together,50272,1,3,4,1,5
10479,1975,PhD,Married,76618,0,1,3,2,5
3619,1960,2n Cycle,Divorced,87305,0,1,5,3,8
1715,1978,Graduation,Together,25851,1,2,2,0,3
10159,1970,Graduation,Divorced,58710,1,6,11,5,9
1463,1958,Graduation,Single,45160,2,1,1,0,2
5114,1965,Master,Married,74806,1,2,5,4,5
4990,1954,Graduation,Married,59111,0,1,11,1,8
4329,1984,PhD,Married,18988,1,2,1,0,3
10936,1965,Graduation,Married,72190,0,1,5,6,4
4692,1976,Graduation,Married,7500,1,5,4,1,2
7212,1966,Graduation,Married,44794,1,1,2,0,3
6086,1955,Graduation,Married,80395,0,1,6,5,12
437,1976,Master,Divorced,75012,0,1,3,8,11
11171,1965,Master,Married,56962,3,7,6,3,5
11101,1991,Graduation,Together,89891,0,1,11,6,8
5329,1949,PhD,Divorced,35946,2,1,0,0,3
610,1953,PhD,Together,53593,2,8,7,2,6
9384,1978,Graduation,Married,66373,2,7,4,2,10
5956,1948,PhD,Divorced,45072,3,5,6,1,4
10430,1973,Graduation,Divorced,89694,2,3,4,3,4
7875,1949,Graduation,Married,72025,0,1,4,8,13
7072,1973,Graduation,Married,67432,1,2,8,5,4
6255,1952,Master,Together,70545,1,1,4,1,7
6516,1989,Basic,Married,17487,1,1,1,0,2
5564,1969,Graduation,Together,62882,1,2,7,5,6
5682,1953,PhD,Single,64108,1,4,6,9,11
7458,1956,Master,Together,34941,2,2,3,0,3
5237,1950,PhD,Single,48767,3,3,2,1,3
7761,1978,2n Cycle,Together,38702,1,2,3,0,4
5278,1964,Graduation,Married,82224,0,1,6,9,5
3560,1952,Graduation,Together,83844,0,1,4,4,11
7235,1975,2n Cycle,Married,17003,1,3,2,0,4
10548,1995,Graduation,Single,71163,0,1,3,8,12
2281,1970,Graduation,Single,33697,1,1,1,0,2
4073,1954,2n Cycle,Married,63564,0,1,10,10,7
6974,1972,PhD,Together,83443,0,1,6,10,5
7938,1958,PhD,Together,51518,1,2,3,2,10
7094,1975,Graduation,Widow,58330,1,1,6,4,13
3667,1969,Graduation,Married,80952,0,1,8,5,11
7723,1979,Graduation,Together,75507,0,1,8,6,6
3870,1978,2n Cycle,Together,63855,0,1,7,3,13
4012,1972,PhD,Together,62220,1,5,7,6,5
5909,1964,Graduation,Married,58512,1,5,3,4,8
10470,1979,Master,Married,40662,1,2,2,1,3
6488,1959,PhD,Married,38829,1,1,3,2,2
10270,1981,2n Cycle,Married,35523,1,2,3,0,3
6887,1967,Graduation,Single,79146,2,2,8,1,8
6406,1988,Master,Married,78285,0,1,6,4,10
7573,1978,PhD,Single,31626,1,1,2,1,2
4508,1952,Graduation,Single,75127,0,1,2,11,5
221,1955,Graduation,Married,48726,1,3,3,2,4
5331,1977,Graduation,Married,74985,0,1,3,6,7
1911,1987,Graduation,Together,67430,0,1,11,5,12
20,1965,2n Cycle,Married,46891,1,1,2,1,4
8786,1956,Master,Married,62058,1,4,6,1,7
10582,1979,Graduation,Married,72063,1,2,5,2,12
1915,1951,PhD,Married,78939,0,1,8,5,6
8897,1965,Graduation,Single,42720,2,8,7,3,7
2371,1972,Graduation,Married,33622,2,3,2,0,4
4303,1957,PhD,Together,6835,1,0,0,0,1
6825,1953,Graduation,Together,41452,2,1,1,0,2
1072,1965,PhD,Single,40760,1,2,2,1,3
4964,1958,PhD,Together,74250,0,1,2,11,4
2461,1955,Master,Single,51124,2,2,1,0,3
10736,1971,Graduation,Single,72258,1,2,6,9,5
3194,1974,PhD,Single,71466,0,1,4,4,10
10839,1976,Graduation,Together,36283,2,2,1,0,3
49,1970,Graduation,Single,20587,1,1,1,1,2
4290,1972,Graduation,Married,30467,1,1,1,0,2
10219,1972,Graduation,Together,31590,1,1,1,0,3
4211,1986,Basic,Married,20425,1,2,2,0,3
1135,1960,Master,Together,17144,2,5,3,0,4
6299,1968,PhD,Divorced,42564,1,6,6,8,4
10846,1978,Master,Married,43783,1,6,7,1,8
347,1976,Graduation,Divorced,40780,1,4,7,1,5
6543,1945,Master,Together,62847,0,1,3,6,4
10446,1957,PhD,Married,82017,0,1,5,4,7
3479,1950,Graduation,Single,16813,0,1,2,0,3
11075,1978,Graduation,Married,51267,2,4,3,3,5
4442,1961,Graduation,Single,46524,1,2,1,1,5
199,1962,Master,Single,45183,0,1,4,1,7
6722,1954,PhD,Married,70421,1,3,10,3,7
796,1965,2n Cycle,Divorced,60161,1,3,11,4,8
3749,1973,Graduation,Together,73926,0,1,6,5,12
8523,1968,Graduation,Married,19329,1,3,4,0,3
310,1970,Master,Married,61872,1,4,4,4,9
8629,1956,Graduation,Widow,46984,2,1,1,0,3
236,1951,Graduation,Married,34838,2,3,2,1,4
9930,1944,PhD,Single,82716,0,1,6,8,13
3483,1958,Graduation,Married,48192,0,3,2,8,12
4599,1976,Master,Married,49681,2,6,7,1,7
7326,1971,Master,Married,56850,1,1,1,1,3
7352,1957,Graduation,Married,55267,1,4,3,4,6
2350,1972,Graduation,Married,59666,2,7,3,2,8
9145,1972,Graduation,Single,72504,1,2,5,9,6
2964,1981,Graduation,Married,26872,0,1,1,1,2
5585,1972,Graduation,Single,21359,1,2,2,0,3
9687,1975,Graduation,Single,73170,0,1,5,4,6
3732,1955,Master,Married,52750,1,6,5,7,9
6303,1986,PhD,Together,91820,0,0,5,5,12
11176,1970,PhD,Together,65968,1,2,5,4,7
2986,1976,Graduation,Married,30772,2,1,1,0,2
7462,1954,Graduation,Single,22507,0,3,10,2,4
3900,1972,Graduation,Married,65685,1,1,9,2,9
7034,1978,2n Cycle,Married,25804,1,2,2,0,3
9493,1980,PhD,Single,76412,0,1,5,4,8
1143,1972,Graduation,Married,22063,1,2,2,0,3
1,1961,Graduation,Single,57091,0,1,7,3,7
3855,1963,Graduation,Married,22419,0,1,3,2,2
5536,1959,Graduation,Together,87771,1,1,5,10,4
5989,1959,2n Cycle,Divorced,78353,1,1,10,2,11
9499,1954,Graduation,Married,93404,3,3,3,4,7
6768,1962,Graduation,Divorced,37859,3,2,1,0,3
2150,1958,PhD,Widow,80995,1,1,8,9,4
6646,1984,Graduation,Together,16529,1,1,1,0,3
4887,1976,PhD,Divorced,55412,2,1,2,0,3
8560,1992,Graduation,Single,48789,0,1,6,4,7
3321,1967,PhD,Together,56575,2,3,7,3,7
11003,1980,2n Cycle,Together,25130,1,2,2,0,3
10402,1967,Graduation,Married,35441,2,2,1,0,3
9904,1956,Graduation,Married,71391,1,5,6,5,12
6141,1972,Master,Single,49494,1,2,6,1,5
5687,1980,Graduation,Divorced,81702,0,1,7,7,12
10856,1980,2n Cycle,Single,45889,1,1,1,0,3
5121,1977,Graduation,Single,56628,1,2,7,6,5
4186,1950,Graduation,Together,34026,2,3,2,1,3
368,1974,Graduation,Married,40049,1,3,3,2,6
3312,1988,Graduation,Single,34176,1,4,3,0,4
11121,1981,Graduation,Married,19419,1,4,4,0,3
5332,1960,2n Cycle,Married,82504,0,1,3,6,7
5848,1970,Graduation,Together,81205,0,1,5,6,7
10343,1991,2n Cycle,Single,61618,0,2,3,6,8
5935,1956,Master,Single,55284,1,3,7,5,8
2895,1963,Graduation,Single,49980,1,2,3,1,5
10262,1980,Graduation,Married,15072,2,4,3,1,3
7848,1974,Graduation,Single,49166,1,2,5,3,3
9477,1954,PhD,Married,65324,1,3,6,2,9
4856,1957,2n Cycle,Married,82347,0,1,7,7,10
7186,1966,PhD,Together,30843,2,2,1,1,2
5794,1974,PhD,Married,46374,1,3,7,1,7
1456,1979,Graduation,Single,60474,1,7,10,2,12
4877,1973,Master,Married,38576,1,1,1,0,3
425,1985,Graduation,Married,55357,2,3,6,2,11
3007,1966,Graduation,Together,37758,2,2,1,0,3
1031,1989,2n Cycle,Married,85710,0,1,6,9,10
4297,1969,Graduation,Together,23228,1,2,2,0,3
807,1969,Master,Together,44602,2,6,6,1,4
9553,1987,Graduation,Married,7500,0,1,0,0,3
4271,1989,2n Cycle,Together,38683,1,6,4,1,6
4120,1975,2n Cycle,Single,49514,1,2,6,1,4
2036,1973,PhD,Together,57906,1,3,4,2,8
115,1966,Master,Single,43456,1,3,5,1,8
4259,1986,Master,Single,19485,2,1,1,0,2
8687,1978,Graduation,Together,53172,1,3,2,3,8
2447,1979,Graduation,Together,30545,1,2,2,0,3
10140,1983,PhD,Together,70123,0,1,5,7,4
9353,1959,Graduation,Single,62450,1,2,5,5,4
3623,1976,Graduation,Together,21675,1,3,4,0,3
738,1981,2n Cycle,Single,42395,2,4,3,1,4
7631,1978,Master,Together,61346,1,1,5,7,10
4789,1953,Graduation,Together,80812,0,1,4,8,5
773,1971,Master,Divorced,42835,2,7,6,6,4
10602,1983,Graduation,Married,39922,1,2,3,0,4
1446,1956,Master,Single,86424,0,1,6,9,12
3270,1978,2n Cycle,Together,17117,1,4,3,1,3
8443,1972,Graduation,Single,24762,1,3,3,1,2
9653,1975,Graduation,Married,35797,1,2,2,0,3
8916,1975,Graduation,Divorced,36627,2,1,0,0,3
8017,1981,2n Cycle,Married,51111,2,2,2,0,3
5830,1972,PhD,Single,86857,0,1,5,6,10
4597,1970,PhD,Together,82072,0,1,3,2,13
7023,1953,PhD,Single,46231,3,4,6,1,4
8086,1959,Graduation,Married,42243,2,2,2,0,3
8825,1962,Graduation,Together,51195,2,8,9,2,5
2930,1978,Master,Single,68092,0,2,2,6,10
1928,1973,Graduation,Married,31814,1,2,2,0,3
7108,1965,Master,Widow,51390,2,6,5,2,5
10925,1983,Graduation,Married,76630,0,1,3,10,11
9960,1991,Basic,Single,26868,1,1,1,0,2
8800,1943,PhD,Divorced,48948,0,2,7,10,5
9224,1972,PhD,Single,55260,1,2,8,10,5
5519,1956,Graduation,Together,64090,1,1,6,9,4
5046,1958,Graduation,Divorced,78331,1,2,10,6,7
7037,1974,PhD,Married,37087,1,3,4,2,8
905,1986,Graduation,Divorced,21846,1,4,4,0,3
8624,1958,Graduation,Married,81320,0,1,4,3,10
8945,1970,Graduation,Divorced,54137,1,2,4,1,4
6445,1967,Graduation,Together,66825,0,1,4,5,6
2727,1973,Graduation,Together,57100,0,1,3,3,6
6404,1969,Graduation,Together,58917,3,5,4,1,6
11074,1977,Graduation,Single,85072,0,1,3,4,10
10150,1961,Graduation,Single,86429,0,0,7,4,7
1968,1971,Graduation,Widow,45684,1,1,1,0,2
6534,1974,Graduation,Together,47889,1,1,2,0,3
9485,1986,PhD,Married,45921,0,1,2,1,6
7053,1966,PhD,Single,78420,0,1,3,10,8
4654,1992,Graduation,Together,75114,0,1,3,10,5
9760,1963,PhD,Widow,52278,1,6,10,5,10
1048,1972,Master,Married,35641,1,2,3,1,4
10619,1994,Graduation,Single,95529,0,1,7,3,7
9308,1954,Graduation,Married,62820,0,1,3,4,6
10505,1960,Master,Together,73113,0,1,3,4,7
8362,1982,PhD,Married,84169,0,1,7,6,6
2625,1954,2n Cycle,Single,42607,1,2,3,2,7
4637,1954,PhD,Single,74637,0,1,6,9,9
9972,1955,PhD,Together,46015,2,1,1,0,3
4483,1993,Graduation,Single,72354,0,1,2,10,6
4487,1969,Master,Single,39858,1,1,2,0,4
4988,1948,PhD,Married,34469,2,3,1,1,4
8931,1986,Graduation,Together,83033,1,1,11,4,10
5871,1979,Master,Together,24401,0,3,6,1,6
2008,1978,Graduation,Married,77583,0,1,4,5,9
3139,1982,2n Cycle,Single,74116,0,1,4,4,10
10037,1993,Graduation,Single,74293,0,1,5,4,6
10673,1976,PhD,Married,68397,1,1,6,9,5
5303,1974,PhD,Together,79632,0,1,6,4,9
538,1989,Graduation,Single,46107,1,1,1,1,4
7922,1951,PhD,Single,64950,1,2,11,2,10
5692,1989,Basic,Married,25443,1,1,1,0,3
4843,1952,Graduation,Single,75127,0,1,2,11,5
6383,1971,PhD,Together,32892,1,2,3,0,3
1628,1971,Graduation,Together,71796,0,1,9,3,4
1204,1970,PhD,Married,67536,1,3,11,5,11
3673,1971,Graduation,Single,55239,1,3,7,5,11
760,1975,PhD,Divorced,60554,1,2,8,4,9
8957,1952,2n Cycle,Single,64831,2,8,6,3,5
4128,1962,PhD,Together,56067,1,2,7,4,7
6810,1983,Graduation,Divorced,82025,0,1,3,2,6
5386,1953,Graduation,Together,94384,0,0,5,8,5
8700,1986,Basic,Single,14906,0,3,2,1,3
3202,1987,PhD,Married,51563,0,1,4,4,10
1328,1982,2n Cycle,Married,57937,1,3,4,4,9
8405,1979,Graduation,Divorced,68274,2,2,4,2,5
6515,1977,Graduation,Together,39771,1,1,2,0,3
2882,1975,2n Cycle,Divorced,67893,1,2,3,2,9
7574,1979,PhD,Together,27922,1,1,2,0,3
6387,1976,PhD,Together,52190,2,3,2,1,3
5320,1973,Master,Divorced,44051,2,4,3,1,4
5048,1971,PhD,Single,42767,2,1,3,1,2
8146,1976,Master,Together,46106,2,1,1,1,2
10031,1976,PhD,Married,16927,2,5,3,0,4
5748,1965,Graduation,Married,59754,1,3,5,2,6
2134,1952,Graduation,Single,53700,1,4,5,5,8
1523,1973,Graduation,Married,59041,2,2,2,0,4
9665,1957,PhD,Divorced,54237,1,4,5,2,5
4640,1967,Graduation,Divorced,70647,1,2,4,7,13
3635,1962,PhD,Single,52597,1,3,6,3,8
3547,1969,Master,Together,41021,1,2,2,0,3
2456,1975,PhD,Married,40233,1,5,2,1,5
5633,1980,Graduation,Married,50183,2,7,3,1,6
7801,1959,Graduation,Together,54753,1,3,5,2,11
10489,1973,Graduation,Married,92955,0,1,6,7,9
7011,1973,Graduation,Married,33471,1,3,3,0,4
2620,1974,PhD,Married,34596,1,1,1,0,2
3933,1980,Graduation,Together,44010,1,6,10,2,6
10981,1988,Graduation,Married,84219,0,1,3,4,10
1734,1968,PhD,Together,40706,3,4,3,0,4
10995,1988,2n Cycle,Married,15716,1,3,3,0,4
6357,1959,2n Cycle,Divorced,59052,1,3,7,1,7
9209,1971,Master,Together,80573,0,1,4,6,13
10286,1962,Graduation,Married,83715,0,1,2,8,13
2611,1959,Master,Together,82576,0,1,2,4,12
1600,1965,Master,Married,56962,3,7,6,3,5
3308,1952,Graduation,Married,35704,2,3,2,0,4
5407,1954,Graduation,Together,53103,1,5,10,6,7
2166,1960,2n Cycle,Widow,46779,2,1,0,1,2
3955,1965,Graduation,Divorced,4861,0,0,0,0,0
6634,1979,Master,Divorced,33462,1,1,2,0,3
3056,1978,Graduation,Divorced,63693,1,3,11,6,9
5718,1950,Graduation,Married,80763,0,1,5,11,6
6872,1974,PhD,Married,65352,1,2,4,2,8
8164,1978,PhD,Married,82170,0,1,5,6,7
4580,1969,Graduation,Married,75759,0,1,9,7,9
9305,1976,2n Cycle,Single,79689,0,1,4,9,13
453,1956,PhD,Widow,35340,2,2,2,0,3
8545,1954,Graduation,Divorced,85683,0,1,2,4,10
9850,1972,2n Cycle,Married,24884,1,1,0,0,3
7378,1981,Master,Together,42021,1,5,10,1,6
7646,1989,Graduation,Single,64449,1,4,5,3,12
1640,1954,Graduation,Divorced,64587,2,2,1,1,4
5184,1995,Graduation,Single,34824,0,1,1,0,2
8492,1978,Graduation,Together,75437,0,1,8,4,10
11188,1957,Graduation,Together,26091,2,3,2,1,3
1212,1973,Graduation,Married,52845,1,3,8,8,6
9097,1956,Graduation,Divorced,46086,1,4,3,1,8
10473,1956,PhD,Widow,78028,1,1,6,4,9
7962,1987,PhD,Single,95169,0,1,4,3,4
9984,1981,2n Cycle,Married,56337,2,5,8,5,4
5527,1987,Graduation,Together,22434,1,2,2,0,3
6374,1954,PhD,Married,36930,1,5,5,2,4
7453,1954,Graduation,Single,36130,1,6,3,8,4
8952,1953,Master,Married,65569,1,2,6,5,10
241,1952,Graduation,Together,83844,0,1,4,4,11
8975,1968,Graduation,Married,19514,2,4,3,1,2
6119,1963,PhD,Single,36736,2,1,1,0,2
5236,1979,Graduation,Together,77568,1,1,10,2,8
5723,1976,PhD,Together,49187,1,1,1,1,5
1710,1978,Graduation,Single,30168,1,7,6,1,4
1970,1968,Master,Together,34053,1,1,3,0,3
5313,1971,Master,Married,38196,2,3,2,0,4
10634,1951,Master,Married,59412,0,1,4,2,8
7010,1965,2n Cycle,Married,70924,0,1,6,6,7
8562,1969,Graduation,Together,54165,0,1,2,1,7
3158,1973,Graduation,Married,32300,1,1,1,0,3
4436,1976,Graduation,Single,20180,0,1,2,1,4
5287,1973,Graduation,Married,34961,1,3,3,1,3
2445,1974,PhD,Together,28440,1,1,2,0,3
6059,1953,PhD,Together,64504,3,7,11,3,4
4550,1966,Master,Together,33564,1,1,1,1,3
4240,1978,Graduation,Married,17345,1,2,2,1,2
8911,1967,PhD,Married,56320,1,3,5,4,9
3706,1978,Graduation,Single,28647,1,1,2,2,2
3628,1987,Basic,Single,15038,1,2,2,1,2
10175,1958,PhD,Divorced,32173,1,1,1,0,3
8985,1964,2n Cycle,Together,68316,1,5,10,7,10
5204,1971,Graduation,Together,74538,0,1,8,8,5
9220,1971,Graduation,Single,91700,0,1,8,6,5
9888,1969,Graduation,Together,68695,0,1,4,4,7
5263,1977,2n Cycle,Married,31056,1,1,1,0,3
1020,1973,Graduation,Married,79593,0,1,5,6,7
9503,1980,Graduation,Single,28071,0,2,5,1,5
10613,1958,PhD,Together,37334,2,4,3,0,4
67,1972,Master,Single,46423,2,3,2,0,4
6019,1971,PhD,Married,37126,1,1,1,2,2
5863,1953,Graduation,Married,47703,1,4,6,3,8
3717,1959,Graduation,Married,61180,1,2,5,5,6
6730,1954,Graduation,Married,38998,2,3,2,0,3
10749,1991,Graduation,Single,8028,0,15,0,1,0
4998,1962,Graduation,Together,76081,0,1,4,5,4
6287,1986,Graduation,Together,34728,1,1,1,1,2
5985,1965,Master,Single,33168,1,3,2,1,4
4754,1966,Master,Married,33585,1,1,2,0,4
4002,1960,PhD,Married,77037,1,1,7,7,12
8870,1984,Graduation,Together,35196,1,6,6,1,5
966,1966,Graduation,Married,44529,1,6,6,2,11
4767,1965,2n Cycle,Married,70924,0,1,6,6,7
9725,1966,PhD,Together,28764,2,1,1,0,2
4475,1949,PhD,Married,69098,0,1,7,8,9
5740,1970,2n Cycle,Divorced,25959,2,2,1,2,2
5731,1983,Master,Married,27100,1,1,1,0,3
7290,1985,Graduation,Single,70596,0,1,3,5,12
3846,1974,Graduation,Married,42557,1,4,6,1,4
8104,1951,PhD,Married,53312,0,1,5,1,5
4507,1952,Graduation,Single,72228,0,1,6,7,8
11013,1987,Graduation,Together,67605,0,1,2,8,6
4491,1949,Master,Married,62845,2,11,3,4,10
3759,1958,Graduation,Together,65196,2,2,7,6,11
1162,1987,PhD,Single,42000,0,2,5,2,11
2055,1973,PhD,Divorced,35860,2,2,1,1,2
10766,1964,PhD,Married,65526,1,1,4,4,8
4415,1961,Graduation,Married,16860,2,3,1,1,3
3005,1992,Graduation,Single,83528,0,1,4,10,8
2223,1965,2n Cycle,Divorced,64176,1,8,8,9,8
4817,1956,Graduation,Divorced,22304,0,1,1,0,2
2875,1978,Graduation,Married,67023,0,1,3,7,13
10536,1971,PhD,Together,32892,1,2,3,0,3
11112,1966,Graduation,Together,70713,1,6,5,6,8
3807,1955,Graduation,Together,59925,1,3,9,2,9
9197,1953,Graduation,Married,39722,1,2,2,0,3
10832,1958,Graduation,Together,46610,0,1,6,1,6
6421,1961,Graduation,Together,88347,0,1,4,7,9
4207,1981,PhD,Married,87171,0,1,6,7,11
577,1976,2n Cycle,Together,26907,2,2,1,0,3
10855,1968,Master,Single,50014,1,2,4,1,8
3081,1978,PhD,Married,41014,1,1,1,0,2
3535,1965,Graduation,Single,66294,0,1,4,3,5
247,1971,Graduation,Married,36715,1,6,7,2,4
8707,1956,Graduation,Married,79456,0,1,5,6,4
9523,1982,Graduation,Together,40479,1,1,0,0,3
6072,1970,Master,Single,75345,0,1,5,8,6
6295,1977,Graduation,Married,54233,1,4,11,6,5
10914,1970,Graduation,Single,24163,2,2,1,0,3
1509,1958,PhD,Together,84460,0,0,9,9,4
5577,1983,Graduation,Together,43776,1,1,1,0,2
7348,1958,PhD,Single,71691,0,1,4,7,5
1127,1973,PhD,Married,85844,0,1,6,6,7
1833,1974,PhD,Single,39190,1,2,2,1,4
4944,1959,Graduation,Together,71367,0,1,4,5,7
9080,1972,PhD,Single,38578,2,3,3,0,3
6466,1965,PhD,Married,57236,2,3,2,1,4
9964,1979,Graduation,Single,61825,1,1,4,2,8
4790,1958,Graduation,Divorced,79803,1,1,4,3,5
10245,1986,2n Cycle,Single,80910,0,1,3,3,8
1109,1982,Master,Together,27590,1,1,1,0,2
6001,1979,Graduation,Married,56775,1,2,5,8,10
5538,1975,Graduation,Divorced,83829,0,0,4,7,6
10552,1979,2n Cycle,Married,54210,1,2,4,1,7
1545,1986,Graduation,Married,38508,1,6,7,2,5
7409,1970,Graduation,Together,53187,1,2,4,1,6
4444,1972,Graduation,Married,30023,1,1,2,0,3
146,1960,PhD,Single,76045,0,1,4,5,11
6271,1952,PhD,Married,50870,1,1,2,0,3
10065,1970,2n Cycle,Married,15315,0,2,2,0,4
4741,1974,2n Cycle,Married,65463,1,2,6,2,9
246,1965,Graduation,Married,66480,2,7,4,1,7
375,1954,Graduation,Divorced,76773,0,1,2,2,11
1524,1983,2n Cycle,Single,81698,0,1,8,2,5
10022,1973,PhD,Single,54466,2,1,1,0,2
7451,1960,Master,Single,98777,0,0,4,6,9
11010,1984,PhD,Single,16269,1,3,3,0,3
4356,1971,Graduation,Together,71819,1,3,3,3,5
3885,1983,PhD,Married,33569,1,1,1,1,2
1175,1983,Master,Married,36262,0,1,3,5,3
880,1966,Basic,Together,22634,0,1,2,1,2
2320,1978,2n Cycle,Married,47025,1,5,11,1,6
850,1968,Graduation,Single,70566,1,2,6,5,9
4713,1979,PhD,Married,31605,1,2,2,1,4
675,1973,Master,Divorced,52034,2,5,4,2,5
5025,1979,Graduation,Single,48526,1,1,2,1,4
2308,1954,Graduation,Married,46734,1,2,6,1,5
5995,1962,Graduation,Divorced,39552,2,7,6,2,5
6749,1966,Graduation,Single,86358,2,4,5,3,6
1010,1977,Graduation,Together,46931,3,2,1,1,3
8977,1985,Basic,Single,16581,0,1,0,0,3
4756,1952,2n Cycle,Divorced,63998,0,1,7,6,11
3412,1951,Master,Married,67381,1,4,2,2,9
606,1967,Graduation,Single,25930,2,1,1,0,2
5961,1978,Graduation,Married,42693,1,1,1,0,3
2975,1976,Graduation,Together,85606,1,2,6,7,9
2894,1985,Graduation,Single,72903,0,1,7,5,8
7613,1974,2n Cycle,Together,49669,1,2,5,1,6
10542,1968,PhD,Married,36778,2,3,3,0,3
8015,1962,PhD,Divorced,85696,0,1,4,6,9
10617,1989,Master,Divorced,10979,0,2,3,0,3
11166,1961,Graduation,Married,49678,1,2,6,2,4
849,1953,Master,Together,56129,1,4,6,2,10
523,1989,Graduation,Married,37155,1,1,2,0,4
4066,1978,2n Cycle,Divorced,21282,1,2,2,1,2
8414,1962,PhD,Single,33419,1,2,2,0,4
819,1945,Graduation,Widow,63285,0,1,6,5,13
4961,1974,Master,Together,21255,1,4,2,1,4
749,1981,Graduation,Together,42162,1,2,3,1,3
5430,1956,Graduation,Together,54450,2,12,9,2,8
7755,1954,PhD,Married,57744,1,2,9,1,4
10525,1986,Graduation,Single,26576,1,1,1,0,2
1453,1943,PhD,Widow,57513,0,2,9,3,13
8310,1964,Graduation,Together,68142,1,3,10,4,7
10710,1979,Graduation,Married,7500,1,1,1,0,2
5031,1974,Graduation,Together,83145,0,1,5,9,11
2613,1960,Master,Married,54197,1,2,1,3,6
213,1963,PhD,Single,23091,2,4,2,1,3
967,1976,Graduation,Married,46049,2,10,5,2,9
1077,1974,Graduation,Together,56715,0,1,7,3,4
7959,1961,Graduation,Married,79410,0,1,3,2,5
640,1951,Graduation,Married,57304,1,2,7,6,10
4252,1965,Graduation,Married,44375,1,1,4,1,6
8432,1956,Graduation,Together,54450,2,12,9,2,8
6218,1965,Graduation,Married,59594,1,1,8,1,7
6905,1994,Graduation,Together,80685,0,1,6,4,10
5922,1974,PhD,Married,40344,1,2,4,1,5
3598,1972,Graduation,Married,62710,1,4,4,2,12
6116,1968,2n Cycle,Married,48985,1,1,1,1,3
6263,1968,Graduation,Together,35322,3,3,2,0,4
10486,1948,Graduation,Married,77142,0,1,4,4,8
2410,1969,Graduation,Single,81657,0,1,3,4,8
193,1996,Basic,Married,14421,0,1,1,0,2
3363,1974,2n Cycle,Married,20130,0,1,1,0,3
8278,1990,PhD,Married,74214,0,1,8,2,5
10660,1957,Master,Married,66726,2,3,8,2,4
8686,1979,Basic,Together,23724,1,2,2,0,3
1604,1960,Master,Married,47353,1,3,2,2,6
5907,1952,Master,Married,33444,2,1,1,0,2
10669,1981,Graduation,Married,54386,1,2,3,2,10
2918,1981,Graduation,Divorced,28510,2,3,2,0,4
5735,1991,Master,Single,90638,0,1,3,4,10
359,1950,Graduation,Together,48070,1,3,8,2,6
8387,1957,Graduation,Married,43140,1,1,4,1,5
1829,1961,PhD,Divorced,54959,1,3,9,5,4
3839,1958,Basic,Single,15056,2,5,2,2,3
9392,1971,Graduation,Single,26954,1,1,1,0,2
2292,1985,Graduation,Single,22327,1,1,1,0,3
10466,1965,Graduation,Married,44393,2,2,1,0,4
9855,1952,PhD,Single,62000,1,1,6,6,13
4088,1962,PhD,Together,31497,1,2,3,1,4
5231,1974,2n Cycle,Married,45894,2,1,1,0,3
590,1970,Master,Divorced,78579,0,1,5,6,4
8732,1969,Master,Widow,67369,1,4,7,4,10
2315,1960,Graduation,Divorced,58401,1,1,1,2,2
3515,1952,Graduation,Single,62307,1,1,4,0,4
2245,1969,Master,Married,43641,2,3,2,1,4
6283,1968,Master,Divorced,63841,1,1,9,3,9
2246,1965,2n Cycle,Married,46891,1,1,2,1,4
6606,1969,Master,Married,70091,1,2,5,2,10
5545,1972,PhD,Married,78075,0,1,3,5,5
7342,1961,2n Cycle,Widow,59184,1,3,6,6,12
837,1977,Graduation,Married,54809,2,4,2,1,5
9500,1959,Graduation,Married,58113,1,3,9,2,8
3602,1958,Master,Married,51412,1,2,3,2,4
234,1979,Graduation,Divorced,15287,1,2,1,1,2
2995,1957,Master,Together,66636,0,1,3,4,9
1118,1956,Master,Married,50965,1,3,10,4,5
7789,1965,PhD,Married,84618,0,1,6,9,10
3068,1990,Graduation,Married,18351,0,1,2,0,3
8955,1957,PhD,Together,40451,2,1,1,1,2
945,1965,Graduation,Together,36317,1,2,3,0,4
5644,1957,Graduation,Together,42213,1,2,5,1,7
7192,1955,Graduation,Together,65748,1,2,2,4,10
2324,1972,Graduation,Together,77044,1,2,7,11,11
697,1969,Graduation,Together,74918,0,1,5,9,6
3439,1972,Graduation,Married,56721,2,5,4,1,5
1506,1975,Graduation,Single,42160,2,4,2,1,4
232,1965,Graduation,Single,61559,1,1,4,2,10
8876,1963,PhD,Together,33629,2,5,3,1,4
4500,1991,PhD,Together,68682,0,1,4,9,10
9739,1963,Graduation,Single,34377,1,2,2,2,2
10395,1986,Basic,Single,8940,1,3,3,1,3
1176,1973,Graduation,Married,26228,1,1,1,0,2
1627,1957,2n Cycle,Divorced,77297,0,1,5,7,9
938,1981,Graduation,Married,40211,2,2,2,1,2
2740,1958,PhD,Widow,33438,2,4,2,1,4
257,1959,PhD,Married,75032,1,2,5,4,9
4058,1955,PhD,Single,61284,0,1,11,2,8
7736,1986,Graduation,Married,22518,1,2,2,1,2
8210,1975,Master,Married,54730,1,5,4,1,8
833,1955,Master,Married,38452,2,3,3,0,3
6230,1971,Graduation,Divorced,44421,2,5,5,0,4
7325,1986,PhD,Together,38197,1,1,1,0,3
1307,1978,Graduation,Divorced,41986,1,3,3,0,4
1502,1983,Graduation,Together,28427,1,2,2,0,3
6211,1976,PhD,Together,37395,1,1,1,0,3
843,1971,Graduation,Married,64722,1,4,8,2,11
4174,1956,Master,Together,55249,1,1,2,1,4
9757,1972,Graduation,Together,84906,0,1,5,6,12
6918,1989,Graduation,Married,28691,1,1,1,0,3
286,1952,Graduation,Single,44213,2,4,2,1,5
11086,1984,Basic,Single,25707,1,1,1,0,3
1921,1967,PhD,Married,59062,3,2,2,0,3
4138,1962,Graduation,Single,76624,1,1,5,10,7
7718,1947,Master,Together,66000,0,1,1,3,5
1291,1978,PhD,Together,27683,1,4,6,2,4
6862,1971,Graduation,Divorced,1730,0,15,0,0,0
4136,1992,Basic,Single,7500,1,4,3,2,2
803,1968,Graduation,Together,40521,2,1,0,1,2
4298,1973,PhD,Together,20427,1,1,1,0,2
10833,1975,Graduation,Married,65106,1,3,8,3,13
9606,1965,PhD,Married,69969,0,1,4,2,6
8534,1952,Graduation,Married,67433,2,4,6,5,13
5153,1967,PhD,Married,77766,1,2,11,10,11
961,1972,Graduation,Married,74716,1,2,7,3,5
5011,1963,Graduation,Divorced,68118,1,2,8,9,4
6653,1970,PhD,Married,55158,2,4,7,2,5
9094,1955,2n Cycle,Married,62972,1,2,7,4,3
810,1975,Graduation,Married,74190,1,2,4,2,11
5493,1976,Graduation,Married,39356,2,1,1,0,2
2147,1969,Graduation,Together,76653,0,1,4,7,11
5107,1973,PhD,Divorced,35860,2,2,1,1,2
3979,1983,PhD,Divorced,90687,0,1,6,2,8
6049,1982,Master,Together,73450,0,1,7,8,11
8147,1960,Graduation,Married,31454,2,3,2,0,3
1857,1952,Graduation,Single,47139,2,2,2,1,2
3910,1975,Graduation,Divorced,83829,0,0,4,7,6
5207,1963,PhD,Married,53378,2,10,9,4,6
11114,1970,Graduation,Together,19656,1,3,2,1,3
5429,1948,PhD,Married,45579,1,1,4,1,4
9400,1958,2n Cycle,Single,85485,0,1,6,6,6
1740,1944,Graduation,Married,55956,0,2,7,3,4
7488,1963,Master,Single,64191,1,3,5,3,13
195,1972,Graduation,Single,38808,1,4,5,1,4
635,1966,Master,Married,57183,2,8,9,1,7
7527,1968,Master,Divorced,23748,1,3,2,1,3
10319,1971,Graduation,Married,66303,1,4,3,4,11
2296,1975,Master,Married,37368,1,1,1,0,2
10637,1964,Graduation,Married,40800,3,2,3,0,3
2931,1978,Graduation,Divorced,71847,0,0,6,7,9
907,1975,Graduation,Married,46149,1,5,5,1,7
3698,1983,Graduation,Together,78687,0,1,4,6,8
9516,1971,2n Cycle,Divorced,49118,0,2,9,7,10
679,1957,PhD,Married,37633,2,2,1,0,3
7384,1951,Master,Together,39767,0,2,7,1,7
5043,1951,Basic,Married,26997,0,2,4,2,5
5267,1970,Graduation,Divorced,33986,1,1,1,0,3
339,1972,PhD,Married,57091,1,2,9,2,5
2516,1969,2n Cycle,Married,46831,2,2,1,2,2
9010,1972,Master,Married,83151,0,1,5,7,10
378,1971,Graduation,Married,52531,0,2,7,2,10
4808,1956,Graduation,Married,15759,0,1,1,0,2
5068,1971,Graduation,Single,22804,1,1,2,0,2
7628,1973,2n Cycle,Married,43050,1,2,2,0,4
7128,1977,PhD,Single,42997,2,1,1,0,2
2811,1963,PhD,Single,48918,2,2,1,0,4
3551,1954,Master,Together,60033,1,2,2,1,5
1663,1978,PhD,Together,34043,1,1,2,0,2
5543,1966,Graduation,Together,57811,1,5,7,2,11
1577,1946,Graduation,Married,78569,0,1,4,6,4
10641,1978,Graduation,Single,7500,2,4,2,1,3
5336,1971,Master,Together,157733,1,0,1,0,1
6024,1953,Graduation,Together,94384,0,0,5,8,5
1878,1985,2n Cycle,Married,23148,0,1,2,0,3
3099,1970,Graduation,Divorced,44267,2,5,5,2,4
6055,1979,Graduation,Married,71626,0,1,5,5,8
5841,1966,Graduation,Together,60894,1,5,10,3,8
3972,1976,Graduation,Together,50200,2,6,7,1,5
4394,1965,PhD,Married,81051,0,1,5,5,12
5758,1982,Graduation,Married,65169,0,1,10,4,13
6658,1972,Graduation,Together,59868,1,7,11,2,12
4603,1960,PhD,Married,65695,1,2,5,4,10
8427,1956,Master,Single,64857,0,1,7,5,10
10260,1965,Master,Together,45143,1,3,6,1,5
7143,1955,2n Cycle,Together,74805,1,5,4,7,10
8789,1989,2n Cycle,Married,59060,1,3,3,1,7
6197,1962,PhD,Single,27238,2,3,3,0,3
4554,1965,Graduation,Together,47009,1,4,3,2,8
4937,1973,2n Cycle,Married,46094,2,1,1,0,3
1920,1972,Graduation,Married,40321,2,2,3,0,3
8749,1984,Graduation,Together,37235,1,1,1,1,2
1650,1960,Master,Married,81843,0,1,5,9,12
10377,1958,Master,Together,46692,1,3,6,1,5
9206,1968,Graduation,Together,77382,1,2,5,7,12
10971,1977,Graduation,Single,37774,2,4,7,2,3
6398,1974,Basic,Married,18393,1,2,3,0,3
9212,1962,Master,Married,72828,1,6,6,3,13
7937,1982,Graduation,Married,24711,0,1,3,0,3
839,1975,PhD,Married,45503,1,1,3,1,4
4246,1982,Master,Single,6560,0,0,1,0,1
158,1945,PhD,Together,71604,0,1,8,3,5
4832,1979,Graduation,Married,27244,1,2,2,2,2
5621,1969,Graduation,Married,48752,2,5,6,1,5
1945,1962,Graduation,Married,71434,1,3,7,4,7
5147,1948,Graduation,Single,90842,0,1,4,9,13
2535,1978,Master,Married,88097,1,1,6,5,8
11039,1975,Graduation,Married,51948,1,2,5,2,4
9495,1982,Graduation,Together,71853,0,1,2,8,6
9635,1983,Master,Married,35876,0,1,3,1,3
2173,1952,Graduation,Widow,40049,1,1,1,0,3
942,1982,Graduation,Single,39660,1,3,7,1,3
9386,1962,Graduation,Together,50127,1,1,5,1,6
5510,1977,Master,Married,43263,1,3,5,2,6
873,1949,Master,Married,62845,2,11,3,4,10
2253,1990,Graduation,Married,18929,0,1,1,0,4
5181,1982,Basic,Single,24367,1,1,1,0,2
979,1975,Graduation,Single,33249,1,2,2,1,3
10390,1959,2n Cycle,Married,26887,1,1,1,0,3
4698,1983,PhD,Married,50150,0,2,5,2,7
7793,1976,Graduation,Together,62061,1,3,10,4,7
1745,1962,PhD,Divorced,85696,0,1,4,6,9
10590,1956,PhD,Together,76542,0,1,4,8,10
5080,1993,Graduation,Single,70515,0,1,6,6,4
8369,1987,Graduation,Together,18227,1,1,0,1,2
5232,1965,Graduation,Married,69139,1,1,4,1,5
2407,1982,Graduation,Married,69109,0,1,6,6,7
3834,1962,Graduation,Single,69627,1,2,8,2,11
7912,1978,Graduation,Married,38136,1,2,3,1,2
7712,1946,PhD,Single,62159,0,1,6,2,10
1065,1963,Graduation,Single,80695,0,1,5,8,5
7275,1971,Master,Single,33316,2,3,2,1,4
1343,1968,Graduation,Together,58554,2,6,8,2,6
1384,1992,Basic,Married,17256,1,2,2,1,2
9967,1974,Graduation,Divorced,53034,2,8,6,1,7
6181,1950,2n Cycle,Together,52203,0,1,8,7,11
10507,1977,2n Cycle,Divorced,59601,1,4,2,2,7
2674,1958,Master,Single,75154,1,1,6,3,6
2698,1976,Graduation,Single,47025,1,3,6,3,5
3231,1973,Graduation,Married,37971,1,1,1,0,3
4096,1968,Master,Divorced,41335,1,3,4,1,4
10476,1958,Graduation,Married,67267,1,1,3,2,5
5948,1975,Graduation,Single,57338,1,2,4,1,5
9140,1960,2n Cycle,Together,50523,2,2,2,0,4
10258,1965,Master,Single,35791,3,2,1,0,3
5675,1960,PhD,Divorced,50611,1,6,4,5,7
4743,1969,PhD,Married,56242,1,5,8,4,11
8805,1960,Graduation,Single,48904,1,4,7,2,4
1542,1975,Graduation,Single,56243,3,6,4,2,8
6770,1985,Graduation,Married,21355,1,2,2,1,2
8773,1971,Master,Together,57420,1,3,5,1,6
10475,1970,Master,Together,,1,2,4,2,6
10420,1955,Master,Divorced,46390,1,1,4,2,3
7514,1956,2n Cycle,Together,54342,2,4,3,1,4
2902,1958,Graduation,Together,,2,1,1,0,3
4345,1964,2n Cycle,Single,,2,1,1,0,2
793,1973,Graduation,Married,20895,1,1,2,0,3
10909,1948,Graduation,Married,92344,0,0,5,10,5
3769,1972,PhD,Together,,1,1,1,0,3
8702,1976,2n Cycle,Together,26907,2,2,1,0,3
4791,1980,Graduation,Together,44964,2,1,1,0,3
2963,1979,Graduation,Together,75507,0,1,8,6,6
8216,1972,Master,Married,53761,2,6,4,4,3
8140,1973,Graduation,Together,22682,1,3,2,1,4
10146,1972,PhD,Together,38887,1,1,1,0,3
5289,1975,2n Cycle,Single,41658,2,2,1,1,2
2587,1972,PhD,Married,29791,1,2,2,0,3
4405,1956,Master,Married,63915,2,2,6,3,12
8663,1974,Graduation,Divorced,39996,2,1,1,0,2
2589,1972,Graduation,Divorced,26759,1,2,2,1,3
3421,1968,Master,Divorced,63841,1,1,9,3,9
10490,1969,PhD,Married,51039,2,2,6,2,4
4094,1961,Graduation,Married,60544,2,4,5,1,5
9958,1972,Graduation,Married,65685,1,1,9,2,9
2534,1953,Graduation,Married,37716,1,2,4,1,3
4188,1957,Graduation,Single,36864,1,3,5,2,4
6613,1970,Master,Married,44511,1,6,8,4,8
10827,1967,PhD,Married,36947,2,4,3,0,4
5491,1951,Master,Together,47352,1,4,6,1,5
8402,1953,Master,Married,67087,1,2,7,5,8
8783,1950,Graduation,Married,57045,1,3,4,2,9
10010,1953,PhD,Divorced,36957,2,4,3,2,2
618,1977,PhD,Married,69389,1,1,7,2,12
9121,1972,Graduation,Married,80134,1,2,5,3,6
361,1969,Master,Married,43142,2,1,1,0,2
4310,1944,Graduation,Married,80589,0,1,5,10,5
2678,1990,Graduation,Single,34412,1,3,5,0,3
6376,1979,Graduation,Single,57537,1,4,4,3,8
524,1966,Basic,Together,22634,0,1,2,1,2
10341,1948,Graduation,Together,51315,0,1,2,2,5
5654,1972,Graduation,Married,36026,3,2,2,0,3
4098,1973,Graduation,Married,24639,2,3,2,0,4
5824,1972,PhD,Together,34578,3,1,1,0,2
7000,1972,2n Cycle,Single,65704,0,1,2,10,10
2561,1966,Graduation,Single,63810,1,4,4,3,12
5229,1969,PhD,Together,54132,1,1,1,0,3
4086,1959,Graduation,Married,18690,0,1,1,1,2
2428,1970,Graduation,Married,28164,1,3,2,0,4
8254,1974,PhD,Married,34596,1,1,1,0,2
2836,1972,PhD,Married,43269,1,1,1,0,2
8418,1958,2n Cycle,Single,38741,2,2,2,0,3
1362,1972,Graduation,Single,31907,0,1,6,1,6
7152,1983,Master,Married,27100,1,1,1,0,3
10033,1973,2n Cycle,Divorced,31163,1,1,1,0,3
9349,1985,Graduation,Married,92533,0,1,6,5,11
274,1973,Graduation,Single,34853,2,2,2,0,3
3388,1967,Graduation,Divorced,70844,2,5,6,1,5
922,1979,2n Cycle,Married,31086,2,2,1,1,2
8588,1961,Graduation,Married,60544,2,4,5,1,5
2518,1986,2n Cycle,Together,20491,0,1,0,1,2
574,1964,Graduation,Married,42523,0,1,1,1,4
3220,1983,Graduation,Married,39922,1,2,3,0,4
5967,1952,Graduation,Together,33402,2,3,2,1,3
1183,1949,Master,Married,36408,2,1,1,0,2
6856,1979,Graduation,Together,21645,1,3,3,0,3
4530,1948,Master,Widow,78427,0,3,3,7,10
1553,1946,Graduation,Together,82657,0,1,7,5,10
4682,1958,Graduation,Married,51876,0,1,2,2,8
8204,1971,2n Cycle,Married,78041,0,1,4,4,9
5221,1957,Graduation,Married,52852,1,4,10,7,5
1232,1982,PhD,Together,70038,0,1,4,4,8
1927,1973,2n Cycle,Together,69401,1,4,4,4,5
5788,1972,Graduation,Together,46053,1,3,3,2,4
6652,1965,Graduation,Married,77343,0,1,3,4,9
6246,1953,Graduation,Single,73892,0,1,3,11,8
5975,1967,PhD,Single,40304,1,1,2,0,3
6875,1965,PhD,Together,32727,0,2,7,3,5
4399,1969,Graduation,Together,68695,0,1,4,4,7
4042,1971,Graduation,Divorced,43300,1,3,4,0,4
2157,1972,Graduation,Together,26290,2,4,2,0,4
10133,1970,Graduation,Single,93790,0,0,6,7,12
2525,1974,PhD,Married,38410,0,2,5,2,9
8233,1950,Master,Widow,64866,1,4,7,3,7
9483,1959,Graduation,Together,57957,1,7,4,6,8
2945,1955,PhD,Together,46015,2,1,1,0,3
10403,1978,Graduation,Together,16531,1,3,3,0,3
5074,1986,Master,Married,28072,1,1,1,0,3
10524,1963,Master,Divorced,49476,1,4,2,11,5
4690,1953,Graduation,Married,50725,1,4,8,1,8
7521,1952,Graduation,Together,83844,0,1,4,4,11
7196,1950,PhD,Married,41145,2,1,0,0,3
4406,1970,Graduation,Together,67419,1,4,9,4,8
9672,1970,2n Cycle,Married,23162,2,3,1,1,3
4864,1977,Graduation,Married,34380,1,4,4,1,3
4706,1966,Graduation,Single,34704,1,1,1,0,3
4070,1969,PhD,Married,94871,2,1,8,5,4
25,1958,Graduation,Married,65148,1,2,6,6,7
3697,1954,Graduation,Together,39898,1,2,3,0,4
217,1956,Master,Single,64857,0,1,7,5,10
4220,1970,PhD,Married,59892,1,1,2,1,3
5286,1987,Master,Single,41020,0,1,3,2,4
9559,1961,PhD,Married,57072,1,2,7,5,13
2849,1979,Graduation,Single,60474,1,7,10,2,12
7787,1960,Graduation,Together,62807,1,3,5,3,12
3102,1981,2n Cycle,Together,19414,1,1,1,0,3
5868,1980,Graduation,Married,19107,1,2,1,0,3
8370,1976,2n Cycle,Together,75484,1,2,7,3,6
9988,1976,Master,Single,70379,1,3,6,3,13
2939,1970,Master,Together,79419,0,1,4,6,4
5529,1946,PhD,Together,64014,3,7,8,2,5
9743,1955,Graduation,Married,76998,1,2,11,8,8
5763,1972,Master,Together,49854,1,5,6,2,5
3478,1971,PhD,Married,60585,2,10,7,4,9
7494,1950,PhD,Divorced,42873,2,4,6,1,4
1763,1988,Graduation,Together,87679,0,1,7,11,10
7250,1978,Graduation,Together,57867,1,7,7,2,9
2005,1990,Graduation,Married,35765,1,2,2,0,4
10770,1959,Graduation,Married,65492,0,2,4,7,13
6885,1977,Graduation,Divorced,32952,1,1,2,0,3
2072,1969,PhD,Together,53374,1,6,4,2,9
9463,1959,Graduation,Together,71706,1,4,9,5,7
6318,1988,Graduation,Married,68487,0,1,9,7,13
4093,1975,Master,Together,53253,2,7,4,3,5
5751,1973,2n Cycle,Divorced,31163,1,1,1,0,3
3340,1977,Graduation,Married,42014,1,6,7,1,6
3594,1973,Master,Married,54108,2,13,8,2,9
3584,1955,PhD,Single,49667,0,2,5,10,5
3643,1974,Master,Married,63206,0,1,4,3,6
851,1972,Master,Married,57136,2,9,5,2,10
7706,1975,2n Cycle,Together,46772,1,6,11,8,5
3967,1971,PhD,Married,78931,0,1,2,8,13
10128,1958,Graduation,Together,53977,1,5,5,5,12
486,1988,Graduation,Married,84219,0,1,3,4,10
9,1975,Master,Single,46098,2,4,3,2,2
9451,1965,Graduation,Married,73538,1,3,10,4,9
9264,1986,Graduation,Married,79529,0,1,4,8,9
3865,1977,2n Cycle,Together,20981,0,1,3,1,2
2853,1980,Graduation,Single,51766,1,2,4,2,4
1490,1962,Graduation,Married,55759,1,5,10,3,8
6310,1978,Graduation,Married,33039,1,1,2,0,4
10380,1972,Master,Married,37787,1,1,3,0,3
3887,1970,Graduation,Single,27242,1,2,2,0,3
4278,1983,PhD,Single,87188,0,1,10,2,6
8643,1971,Graduation,Together,69930,0,1,4,5,12
1998,1976,Graduation,Single,37697,1,1,2,1,3
10795,1973,PhD,Married,37401,1,2,2,0,3
11110,1973,Graduation,Single,3502,1,0,0,0,0
2408,1976,Graduation,Married,58597,2,12,7,4,9
202,1948,PhD,Widow,82032,0,0,4,6,7
7998,1958,Graduation,Together,28087,2,3,2,2,2
830,1987,PhD,Single,74004,0,1,4,6,4
3536,1960,Graduation,Together,19740,1,2,1,1,3
6050,1975,2n Cycle,Married,57036,1,4,6,3,13
125,1958,2n Cycle,Together,53083,2,6,5,1,5
3463,1975,PhD,Married,69283,1,4,7,3,13
2804,1975,Master,Single,46098,2,4,3,2,2
3745,1988,2n Cycle,Married,23331,1,2,3,0,3
9771,1988,2n Cycle,Single,23331,1,6,5,1,5
451,1989,Graduation,Single,9255,1,1,1,1,2
10530,1959,PhD,Widow,67786,0,1,3,6,6
1079,1971,PhD,Married,71969,1,3,3,4,9
8920,1967,Master,Single,59235,1,3,11,2,12
6678,1989,Graduation,Together,31928,1,2,3,0,4
3852,1961,Master,Together,74881,2,4,9,2,12
528,1978,Graduation,Married,65819,0,1,5,4,10
73,1953,PhD,Single,51411,3,1,0,0,3
5589,1964,Graduation,Divorced,51983,1,3,9,2,10
10212,1986,Master,Together,42386,1,1,3,0,3
6365,1987,2n Cycle,Married,30390,0,1,2,0,3
5636,1963,Graduation,Single,30983,0,1,4,0,3
591,1957,Graduation,Widow,66033,1,2,8,3,7
2217,1975,2n Cycle,Married,37284,2,1,0,0,3
2544,1951,Master,Divorced,57530,1,1,1,1,4
7725,1965,2n Cycle,Married,76800,0,1,4,4,7
8091,1956,Graduation,Married,63943,1,1,6,4,6
7321,1962,Graduation,Together,76081,0,1,4,5,4
5462,1974,Graduation,Married,67445,1,5,9,6,12
7791,1967,Master,Married,37054,2,2,1,0,3
955,1962,Master,Together,47175,2,7,4,2,4
4037,1976,Graduation,Divorced,31859,1,1,1,0,2
6642,1961,Graduation,Divorced,27215,3,4,2,1,4
2793,1976,PhD,Divorced,70179,1,3,7,3,13
5424,1983,Graduation,Married,39922,1,2,3,0,4
879,1976,Master,Married,49681,2,6,7,1,7
9530,1988,Graduation,Married,24645,1,1,1,0,2
4828,1954,Graduation,Divorced,79865,1,1,5,10,5
10699,1985,Graduation,Married,44322,1,2,3,0,3
1497,1952,Graduation,Single,47958,1,2,6,3,5
7476,1964,Master,Single,63972,1,4,5,4,10
4390,1954,Graduation,Together,75315,1,2,5,4,12
10478,1950,PhD,Married,55517,2,5,11,1,6
1081,1957,PhD,Married,75283,3,11,6,3,5
4261,1946,PhD,Single,82800,0,1,7,6,12
9916,1954,Graduation,Married,38998,2,3,2,0,3
5350,1991,Master,Single,90638,0,1,3,4,10
8135,1986,Master,Married,27161,1,1,1,0,3
8685,1977,Graduation,Married,42014,1,6,7,1,6
4967,1960,PhD,Together,38201,1,4,5,1,5
2130,1982,Graduation,Together,45203,2,1,3,1,3
9298,1947,PhD,Together,81574,0,1,4,5,8
8175,1992,Graduation,Married,34935,0,1,2,1,4
6257,1976,Master,Single,60482,1,1,7,2,7
3790,1956,Graduation,Together,34633,3,1,1,0,2
9952,1947,Master,Together,78093,0,1,4,7,5
3503,1950,Graduation,Divorced,82460,0,1,5,3,6
5223,1966,Master,Together,45903,1,2,2,1,3
4608,1987,Graduation,Divorced,81361,0,1,3,10,13
1626,1973,PhD,Divorced,35860,2,2,1,1,2
4764,1952,Master,Together,40442,2,4,3,1,4
2471,1965,Graduation,Married,61482,0,1,3,2,6
5892,1980,Graduation,Married,34968,1,7,3,2,5
2612,1987,Graduation,Married,75794,0,1,7,5,12
4971,1962,PhD,Together,31497,1,2,3,1,4
5185,1955,Graduation,Married,74268,0,1,4,3,5
10069,1988,Basic,Together,13724,1,1,2,0,2
2262,1965,Master,Together,45143,1,3,6,1,5
1131,1967,PhD,Single,52569,1,1,2,0,4
1041,1973,PhD,Single,48432,1,5,7,1,6
24,1960,Master,Together,17144,2,5,3,0,4
3409,1984,Graduation,Single,36108,1,3,7,1,4
7022,1971,Graduation,Married,76445,1,1,2,5,13
7943,1975,PhD,Married,36663,1,1,1,1,3
5272,1965,Master,Married,53843,1,4,8,5,3
5453,1956,Master,Married,90226,0,1,4,7,12
2565,1955,Master,Divorced,70638,0,1,4,5,10
800,1960,Graduation,Together,44512,2,2,1,0,3
11092,1961,Graduation,Married,27116,2,2,2,0,3
5062,1963,PhD,Married,54072,2,1,2,0,2
8969,1977,Graduation,Married,71855,1,4,5,5,11
4656,1990,2n Cycle,Single,51250,1,5,10,5,4
4480,1973,Master,Married,60432,1,5,7,2,5
9971,1964,PhD,Married,65526,1,1,4,4,8
6729,1988,Graduation,Single,68655,0,1,4,5,11
1773,1978,2n Cycle,Married,12393,0,1,2,0,3
9242,1990,Graduation,Single,64509,0,1,6,3,9
1764,1975,Graduation,Single,33955,1,4,5,1,5
6215,1977,Graduation,Married,31353,2,2,1,1,2
10099,1984,Graduation,Married,55434,1,3,5,3,13
5423,1983,Graduation,Together,28359,1,1,1,0,2
940,1987,Graduation,Single,57100,1,2,3,2,7
3011,1965,Graduation,Married,69139,1,1,4,1,5
3298,1956,Master,Married,52973,1,7,9,6,9
8286,1965,PhD,Together,51717,1,1,3,0,4
9668,1971,Graduation,Married,18793,1,3,2,0,4
5120,1982,2n Cycle,Together,66664,0,1,5,7,6
6097,1959,Graduation,Single,50664,2,9,8,1,6
7019,1963,Graduation,Together,54414,2,4,3,1,5
7408,1952,PhD,Married,54549,1,2,5,1,4
8041,1971,PhD,Widow,47111,1,6,3,2,10
252,1963,PhD,Divorced,41003,0,1,6,2,8
9986,1982,Graduation,Together,19444,1,3,4,1,2
3276,1976,2n Cycle,Together,36301,1,1,3,0,3
3859,1947,PhD,Together,73059,1,1,9,3,13
3570,1969,PhD,Together,42731,1,3,4,1,5
3783,1959,PhD,Married,52854,2,2,2,1,4
10207,1978,Graduation,Together,22775,1,1,1,0,2
10906,1948,PhD,Together,46681,2,2,4,6,4
3427,1955,PhD,Married,59821,1,6,11,2,7
5209,1954,Graduation,Divorced,50002,1,2,8,2,7
10711,1945,Graduation,Married,69755,0,1,3,6,12
10785,1969,Graduation,Married,44078,2,2,2,0,3
2814,1976,Master,Together,30560,1,1,1,0,3
6866,1969,Master,Together,35924,2,1,1,0,3
1665,1964,PhD,Divorced,64140,2,5,2,5,6
6575,1981,Graduation,Together,56386,2,8,9,1,7
3829,1979,Basic,Together,24594,1,1,1,0,3
3091,1981,2n Cycle,Together,75774,1,1,7,5,8
10141,1960,Master,Divorced,39228,0,1,0,0,3
5177,1974,Master,Married,58494,1,2,6,2,6
7005,1981,Graduation,Single,58684,0,1,5,3,12
6409,1967,Graduation,Divorced,57136,0,1,7,5,7
7485,1950,PhD,Widow,56551,2,3,2,1,4
8079,1982,Graduation,Married,22448,1,3,2,1,3
8395,1961,Graduation,Single,82014,0,1,3,6,12
10352,1963,Graduation,Widow,34213,2,3,3,1,2
4931,1977,Graduation,Together,157146,0,0,0,28,0
13,1947,PhD,Widow,25358,1,2,1,0,3
1834,1978,Master,Single,35544,1,1,2,0,3
2285,1954,Master,Together,36634,1,3,5,2,5
2295,1954,PhD,Married,62670,1,1,5,3,13
1378,1972,2n Cycle,Together,50334,1,6,7,4,6
2781,1981,Graduation,Single,72066,0,1,4,6,6
1165,1958,PhD,Single,50729,2,9,6,2,7
1404,1968,Graduation,Together,34916,2,4,5,1,3
6457,1976,Graduation,Divorced,64892,1,2,6,4,12
2639,1966,Graduation,Single,43602,2,3,3,1,2
8299,1989,PhD,Single,33996,0,1,1,1,3
6437,1985,2n Cycle,Single,41473,1,1,2,0,3
6912,1967,PhD,Married,63246,2,1,6,3,12
7327,1959,PhD,Married,36732,2,3,1,1,4
5299,1970,PhD,Married,69084,1,2,7,3,13
4127,1967,PhD,Married,77766,1,2,11,10,11
8143,1985,PhD,Single,37929,0,2,4,2,5
1964,1951,Graduation,Together,86610,0,1,5,6,6
3690,1986,Master,Married,80141,0,1,7,4,10
3433,1955,2n Cycle,Married,72635,0,1,6,8,6
3389,1970,Graduation,Married,69016,1,4,8,9,13
4712,1991,2n Cycle,Together,20193,0,1,1,1,4
1170,1975,Graduation,Married,27573,1,4,5,1,4
6347,1979,Basic,Single,15862,1,1,1,0,3
4065,1976,PhD,Married,49544,1,2,5,1,8
8230,1980,Graduation,Married,33228,1,1,2,0,3
1215,1978,Graduation,Together,70440,0,1,5,10,7
5939,1971,Graduation,Together,38232,2,4,3,1,3
2156,1955,PhD,Married,22554,2,4,2,0,4
7788,1983,PhD,Married,23536,1,1,0,0,3
10323,1952,Graduation,Married,49413,1,2,4,2,5
7947,1969,Graduation,Married,42231,2,1,1,0,3
1891,1980,Master,Divorced,78789,0,1,4,6,5
2570,1968,Graduation,Together,56534,1,4,10,4,7
9256,1971,Graduation,Single,58350,1,4,8,3,12
295,1989,Graduation,Single,81217,0,1,3,7,11
7397,1951,Graduation,Single,49090,1,3,7,2,9
6349,1987,Master,Divorced,61787,0,1,8,4,6
10790,1985,PhD,Married,18169,1,1,1,0,2
10398,1981,2n Cycle,Single,24336,1,1,1,0,2
2431,1990,Graduation,Married,18222,0,1,2,0,3
550,1952,Graduation,Divorced,62335,1,2,3,3,13
1890,1971,2n Cycle,Together,42033,2,1,1,0,2
10742,1983,PhD,Married,86580,0,0,4,2,5
10356,1957,PhD,Divorced,41437,2,1,1,0,3
4676,1951,Master,Widow,73705,2,2,9,6,8
8852,1976,Graduation,Married,61064,1,5,8,4,11
3565,1955,Master,Married,38452,2,3,3,0,3
5294,1989,Graduation,Single,18358,1,3,3,0,4
1958,1973,PhD,Together,55012,1,6,8,2,9
7349,1973,Basic,Together,9722,1,4,3,1,3
8799,1984,PhD,Married,38175,1,3,3,1,4
1351,1956,Master,Together,58656,1,4,7,8,13
1045,1965,Graduation,Together,52117,1,2,5,2,4
7732,1978,Graduation,Married,64813,1,1,7,2,10
8070,1973,PhD,Married,54222,1,1,3,3,5
477,1986,Graduation,Married,83512,0,1,4,7,10
7832,1959,Master,Married,77520,1,1,8,7,7
2202,1978,Graduation,Together,41154,1,1,1,0,4
7396,1966,Graduation,Married,80398,0,1,5,8,12
4055,1992,Basic,Single,18746,1,2,3,0,3
10340,1984,Graduation,Together,35196,1,6,6,1,5
10091,1956,Graduation,Single,60230,1,2,6,3,6
7629,1977,Graduation,Married,22108,2,2,2,0,3
10640,1974,Graduation,Together,44392,2,5,4,1,4
3498,1976,PhD,Married,55424,1,4,7,5,9
6742,1979,Graduation,Married,17688,1,1,1,0,2
1172,1983,PhD,Married,92491,0,1,7,5,12
569,1991,Graduation,Single,90273,0,1,5,6,7
4686,1962,PhD,Widow,82571,0,0,6,5,13
1381,1982,PhD,Single,38513,1,5,6,1,5
2634,1979,Master,Single,16653,1,3,2,1,3
10905,1955,Graduation,Together,42586,2,5,4,1,6
1744,1965,Basic,Single,23529,1,1,1,1,2
1000,1961,Master,Together,74881,2,4,9,2,12
3828,1951,Graduation,Married,71107,1,2,7,6,13
8605,1964,PhD,Together,46910,2,2,2,0,3
10304,1959,Graduation,Married,18690,0,1,1,1,2
4351,1955,Graduation,Divorced,37244,2,1,1,1,2
10129,1966,Graduation,Together,82427,0,1,3,5,12
2499,1958,2n Cycle,Single,75342,1,1,5,2,10
10092,1954,Graduation,Divorced,70044,1,4,7,10,5
7500,1967,Graduation,Single,79146,2,2,8,1,8
5796,1963,Graduation,Married,77437,0,1,4,5,13
10556,1959,Graduation,Married,54984,1,4,6,1,6
1064,1971,PhD,Married,42403,1,1,1,0,3
48,1964,Graduation,Together,55761,1,2,4,1,3
7610,1983,Graduation,Together,37292,1,5,6,3,5
263,1945,PhD,Single,45576,0,1,3,1,3
10814,1947,Graduation,Together,70321,0,1,6,5,13
9710,1969,PhD,Divorced,58086,1,2,11,3,7
9292,1952,Graduation,Married,81795,0,1,4,11,7
10250,1947,Basic,Together,28389,0,1,1,0,2
7881,1946,Master,Married,66835,0,1,6,4,13
5847,1969,Graduation,Divorced,69901,1,3,7,3,10
737,1949,PhD,Married,80360,0,2,4,4,5
3571,1961,PhD,Together,63342,1,3,8,3,5
7807,1974,Graduation,Married,44989,1,5,5,1,5
3878,1980,2n Cycle,Single,31859,1,1,1,0,3
5092,1949,PhD,Widow,51569,1,4,7,1,7
2154,1971,Graduation,Widow,30372,2,3,2,0,3
5394,1979,Basic,Single,16014,2,4,1,1,4
3798,1968,Graduation,Married,41120,2,3,2,1,3
3524,1971,Master,Single,39763,1,2,5,1,2
5247,1955,PhD,Married,38725,2,2,1,0,4
5883,1972,Graduation,Married,77981,1,3,7,4,7
2118,1964,2n Cycle,Married,62905,1,3,7,2,8
8812,1979,2n Cycle,Divorced,13533,1,2,2,0,3
6616,1975,Graduation,Together,59481,1,2,3,3,8
2797,1977,Graduation,Married,72117,1,1,9,7,9
4328,1986,2n Cycle,Married,21955,1,2,2,1,3
9167,1956,Graduation,Married,67131,1,3,9,2,12
10560,1980,PhD,Single,36802,1,1,1,0,3
2631,1982,Graduation,Together,71853,0,1,2,8,6
8312,1961,Basic,Married,28249,0,1,2,0,3
5534,1975,Master,Married,47808,1,2,3,2,3
5093,1974,PhD,Divorced,25509,1,3,3,0,3
7592,1946,PhD,Married,51012,0,1,4,1,4
8895,1985,Graduation,Single,70596,0,1,3,5,12
8584,1952,PhD,Together,85431,0,1,2,7,7
2694,1967,Graduation,Married,42664,1,1,1,0,3
8910,1955,Graduation,Together,42586,2,5,4,1,6
7433,1985,Graduation,Single,29760,1,4,3,1,4
164,1977,PhD,Married,28973,0,2,5,1,5
10477,1973,PhD,Together,39435,1,1,3,1,2
2681,1984,2n Cycle,Married,65370,0,1,2,3,13
5150,1979,Basic,Single,20194,1,2,2,0,3
5283,1976,PhD,Single,42473,2,3,2,1,4
9645,1968,Graduation,Married,64590,0,1,9,4,10
10678,1959,Graduation,Together,71232,1,2,11,2,10
7261,1971,Graduation,Together,34600,2,5,5,2,5
9648,1967,Graduation,Single,46904,2,4,5,1,4
2870,1973,Graduation,Married,49094,1,5,6,3,6
8008,1983,Graduation,Together,36075,1,1,2,0,4
1513,1979,2n Cycle,Together,60839,2,13,2,2,12
6173,1979,Graduation,Together,77298,1,1,6,6,11
1419,1950,Graduation,Together,34026,2,3,2,1,3
9150,1963,PhD,Single,48918,2,2,1,0,4
7960,1962,2n Cycle,Together,82122,0,1,3,9,13
1250,1976,Graduation,Single,37697,1,1,2,1,3
9905,1952,Graduation,Together,34074,2,5,3,3,3
10691,1960,Master,Married,28520,2,1,1,1,2
7002,1955,Graduation,Single,62535,1,1,3,2,8
2952,1977,Master,Single,36273,1,2,3,0,3
8439,1964,Graduation,Together,63404,2,2,6,3,4
762,1981,2n Cycle,Together,75774,1,1,7,5,8
2831,1976,Graduation,Together,78416,1,2,7,7,10
6977,1974,Graduation,Together,75702,1,1,10,5,13
6289,1951,Master,Together,59385,2,2,3,1,4
4168,1966,Graduation,Single,37070,2,9,5,1,8
8397,1951,Graduation,Married,44689,2,2,1,1,2
9284,1958,Graduation,Together,53977,1,5,5,5,12
6237,1966,PhD,Single,7144,2,0,23,1,1
3130,1964,Graduation,Single,18701,2,4,2,0,4
1619,1956,Graduation,Married,90369,0,1,4,6,6
1990,1974,PhD,Single,63159,0,1,3,5,8
5513,1966,Graduation,Together,37758,2,2,1,0,3
269,1963,PhD,Single,46757,1,6,4,4,7
8093,1969,Master,Married,79734,0,1,4,3,6
10513,1992,Graduation,Together,63207,0,1,2,3,6
10177,1954,Graduation,Divorced,72071,1,3,5,4,8
2549,1983,PhD,Together,21840,1,1,1,0,3
5782,1982,2n Cycle,Together,58582,1,2,9,2,9
10057,1951,Graduation,Single,72282,0,1,5,7,9
10307,1956,Graduation,Married,50387,2,3,6,2,8
8566,1961,PhD,Together,32583,2,1,1,0,2
2415,1962,Graduation,Together,62568,1,3,5,3,5
5684,1971,Master,Divorced,44635,2,2,2,0,3
8334,1971,Master,Single,33316,2,3,2,1,4
9166,1968,Graduation,Married,63967,1,3,4,4,12
1440,1978,2n Cycle,Together,52513,0,2,9,5,9
78,1969,Graduation,Married,25293,1,1,1,1,2
5441,1965,PhD,Widow,54111,1,2,5,2,6
5302,1986,Graduation,Together,78394,0,1,4,6,5
4687,1958,Master,Married,80739,0,1,3,11,9
1087,1975,Master,Together,22669,1,3,4,1,2
6859,1987,Graduation,Single,29236,1,2,4,0,3
9860,1959,Graduation,Together,44911,1,3,4,1,4
7129,1962,PhD,Married,54693,1,8,6,4,13
5866,1974,Graduation,Together,48186,1,3,4,1,4
10521,1977,Graduation,Married,54809,2,4,2,1,5
7393,1978,Graduation,Together,41580,2,3,2,1,3
7849,1970,PhD,Married,80336,0,1,2,9,13
332,1957,Graduation,Married,47743,1,3,4,1,6
9847,1955,2n Cycle,Married,62972,1,2,7,4,3
531,1954,PhD,Divorced,57333,1,11,8,5,9
9576,1982,PhD,Together,32313,1,3,4,0,4
6906,1953,Master,Widow,84953,0,1,3,10,4
7419,1968,Master,Divorced,27071,1,2,2,0,3
3170,1957,Master,Together,68148,0,1,4,4,6
8527,1965,Master,Together,65735,2,5,6,2,6
7872,1975,PhD,Married,86836,0,1,6,10,6
9931,1963,PhD,Married,4023,2,15,0,0,0
10595,1990,Graduation,Married,30093,0,1,2,0,3
4609,1966,PhD,Married,57705,1,3,8,1,6
5010,1988,Graduation,Single,25008,1,2,1,0,3
4427,1995,2n Cycle,Single,83257,0,1,5,10,12
11148,1975,Graduation,Together,22280,1,1,1,0,2
1168,1978,PhD,Married,72159,0,1,4,6,10
9595,1961,Graduation,Together,64260,0,1,4,5,4
10163,1984,PhD,Single,82733,0,1,8,4,7
2886,1971,Master,Divorced,74290,1,4,10,8,10
6710,1951,Master,Single,58217,3,1,2,0,4
5316,1976,Master,Together,21024,0,1,2,0,4
9029,1972,PhD,Married,70116,0,1,2,8,12
521,1985,Graduation,Together,54006,1,2,8,1,7
1459,1966,PhD,Married,69063,1,1,5,3,5
10241,1975,2n Cycle,Divorced,11448,0,1,1,0,2
1630,1979,Graduation,Single,61825,1,1,4,2,8
3254,1971,Graduation,Married,70886,1,1,5,4,4
9064,1982,Graduation,Married,69109,0,1,6,6,7
3678,1973,Graduation,Widow,60208,2,11,8,3,7
4227,1968,Master,Together,32889,2,3,2,1,3
9467,1984,Graduation,Single,34738,1,1,1,0,3
8486,1971,Master,Together,30538,1,4,9,0,4
2186,1977,2n Cycle,Together,82326,0,1,5,10,6
3286,1967,PhD,Divorced,26642,1,2,2,0,3
8602,1964,Graduation,Divorced,69932,1,2,7,6,11
3722,1972,Graduation,Single,44503,2,2,2,0,3
6715,1948,PhD,Single,60200,1,6,6,2,11
4796,1952,Graduation,Divorced,49638,1,1,1,0,3
9612,1987,2n Cycle,Single,23830,0,1,1,0,3
3766,1959,Master,Widow,33051,0,3,9,1,8
1399,1958,Graduation,Married,72905,0,1,3,7,9
1570,1951,PhD,Together,69702,1,2,7,7,10
3426,1975,Graduation,Divorced,70300,1,3,5,5,13
3074,1984,PhD,Married,70643,0,1,5,8,4
8341,1969,PhD,Married,30396,1,2,1,1,2
5180,1968,PhD,Divorced,50616,1,2,4,0,4
6461,1969,Master,Single,62772,1,1,5,6,11
7679,1985,PhD,Single,30298,0,1,1,1,3
10702,1984,Graduation,Single,52413,1,2,7,1,7
7505,1957,PhD,Married,44155,2,1,1,1,2
5113,1971,PhD,Divorced,86979,0,1,5,5,5
10858,1975,Graduation,Together,76532,2,4,9,5,7
2961,1982,Graduation,Married,42081,1,2,6,3,4
2747,1988,PhD,Married,67546,0,1,4,10,5
3010,1989,Master,Together,88420,0,1,4,7,8
5790,1985,Graduation,Married,31158,1,2,2,0,3
6892,1968,Graduation,Divorced,61671,1,8,10,4,6
1743,1974,Graduation,Single,69719,0,1,2,3,5
3578,1949,Graduation,Divorced,49160,1,2,3,1,6
8462,1978,Basic,Together,24882,1,1,1,1,2
5558,1954,PhD,Single,90933,0,1,4,6,4
4619,1945,PhD,Single,113734,0,0,27,0,0
8780,1950,PhD,Together,59292,1,2,3,5,8
10789,1964,PhD,Married,45759,2,2,2,0,3
10779,1983,Graduation,Single,22148,0,1,1,0,3
5896,1987,Master,Married,73395,0,1,4,4,6
2337,1971,Graduation,Divorced,29819,1,3,3,0,3
10951,1968,Graduation,Married,45688,1,2,3,1,8
544,1954,Graduation,Married,62820,0,1,3,4,6
17,1971,PhD,Married,60491,1,4,6,11,7
10680,1986,Graduation,Together,33235,1,1,3,0,3
3265,1959,Graduation,Married,35701,0,1,1,0,3
5623,1980,Master,Married,31535,1,1,1,1,2
5832,1960,2n Cycle,Together,92556,0,0,3,5,13
5544,1970,Graduation,Single,67384,1,2,7,8,5
6417,1971,Master,Together,80573,0,1,4,6,13
5831,1967,Graduation,Married,77870,1,3,5,5,5
7101,1963,PhD,Widow,52278,1,6,10,5,10
10176,1968,Graduation,Single,57107,1,7,4,4,8
2326,1990,Graduation,Married,18929,0,1,1,0,4
4385,1981,PhD,Single,36038,1,2,3,0,3
2929,1976,Graduation,Single,20180,0,1,2,1,4
10686,1965,PhD,Together,34230,2,1,1,0,2
2546,1977,2n Cycle,Single,31878,1,1,1,0,4
3283,1972,2n Cycle,Married,70932,1,2,6,2,12
3138,1956,Graduation,Single,91249,0,0,7,9,6
4994,1943,Master,Single,77598,0,1,7,5,13
7966,1959,Graduation,Single,80982,2,3,11,5,11
3112,1977,Master,Married,22701,1,1,1,0,3
10872,1969,PhD,Married,55212,1,3,4,2,11
2181,1970,Graduation,Married,70617,0,1,3,3,7
1867,1957,Graduation,Single,64849,0,1,9,3,6
1518,1965,Master,Married,62694,2,5,9,3,7
5734,1974,PhD,Married,61917,2,1,2,0,4
2878,1947,PhD,Married,67472,1,2,4,2,7
1458,1982,Master,Married,21059,1,3,3,0,3
7007,1968,Master,Married,29543,2,2,3,1,2
6200,1951,Graduation,Married,75903,1,2,6,6,9
1403,1975,2n Cycle,Together,34984,2,2,1,0,3
4827,1956,PhD,Single,54998,1,5,4,2,9
6250,1949,PhD,Widow,54356,1,3,11,2,8
9291,1959,Master,Married,34242,1,1,0,0,3
2478,1973,Graduation,Married,25410,1,1,1,0,4
1139,1984,PhD,Married,73356,0,1,5,11,5
5138,1950,Graduation,Together,28320,1,1,1,0,3
5393,1977,Graduation,Single,23763,1,1,1,0,3
10413,1984,Graduation,Married,72570,0,1,4,6,12
5015,1976,Master,Married,34529,1,2,2,2,3
10868,1951,Graduation,Widow,70792,0,2,3,4,10
10676,1982,Graduation,Married,63211,0,2,3,8,7
2495,1974,Master,Married,83891,1,1,4,7,10
7842,1968,Graduation,Single,36065,2,3,3,0,3
9955,1954,Graduation,Together,39898,1,2,3,0,4
6663,1940,PhD,Single,51141,0,1,3,1,4
2162,1976,Graduation,Married,56939,1,2,3,3,10
3434,1951,Graduation,Single,80872,0,1,4,4,10
7919,1976,PhD,Together,72335,0,1,10,4,8
5626,1964,PhD,Single,61798,0,1,4,2,9
6428,1950,PhD,Widow,76842,0,1,1,8,7
8514,1976,Graduation,Together,29478,1,1,1,0,3
10448,1956,Graduation,Single,46998,1,5,5,3,5
2109,1990,Graduation,Single,96843,0,1,6,11,10
7530,1950,PhD,Widow,56551,2,3,2,1,4
8925,1965,Master,Married,70053,1,3,8,5,10
3009,1962,PhD,Widow,71670,0,1,5,3,6
6355,1978,Graduation,Married,44359,2,3,2,0,4
3517,1952,Graduation,Single,40887,2,3,3,1,3
1158,1966,Graduation,Divorced,48877,1,1,3,0,4
6203,1947,Graduation,Together,74485,0,1,6,7,12
7165,1972,Graduation,Together,64474,1,2,8,2,10
3595,1963,Graduation,Together,77226,1,2,6,8,12
8537,1949,Graduation,Widow,72643,0,1,3,10,7
4331,1978,Master,Together,85738,0,1,3,6,11
6281,1966,Graduation,Divorced,55686,1,2,6,3,5
4338,1983,Graduation,Single,39062,1,1,1,0,3
2452,1971,Graduation,Together,34600,2,5,5,2,5
9507,1975,Graduation,Married,40794,1,2,6,3,5
8360,1971,2n Cycle,Married,54690,2,3,3,1,5
10311,1969,Graduation,Married,4428,1,0,25,0,0
5117,1963,2n Cycle,Married,32632,0,2,4,4,8
4867,1968,PhD,Single,38236,2,4,3,0,4
9289,1979,Graduation,Married,36781,1,1,2,1,2
10913,1984,Master,Single,31385,1,1,1,0,2
3032,1984,Graduation,Married,24570,1,3,4,0,4
8524,1974,PhD,Divorced,25509,1,3,3,0,3
3334,1951,Graduation,Married,94642,0,0,5,7,9
4470,1962,Master,Married,58646,1,1,2,1,4
1406,1975,Graduation,Single,53201,2,8,6,3,5
8619,1957,Graduation,Together,21994,1,1,0,0,3
10821,1978,Graduation,Married,57113,2,6,4,1,5
4552,1991,Graduation,Married,51373,0,1,3,5,3
898,1986,Graduation,Married,23477,1,3,3,0,4
9797,1956,Graduation,Married,58116,1,2,3,3,8
10949,1963,PhD,Divorced,72968,0,1,5,5,8
8212,1971,Master,Married,39791,1,2,3,1,4
6248,1947,Master,Single,91712,0,0,9,7,11
10164,1958,Graduation,Single,94472,1,1,5,5,5
4547,1960,Graduation,Together,13672,2,2,1,0,3
6815,1980,2n Cycle,Married,96547,0,0,7,6,8
4122,1975,Graduation,Married,79205,0,1,6,5,4
10841,1975,PhD,Together,56559,1,3,4,3,8
5370,1973,PhD,Married,32644,1,4,7,1,6
176,1980,2n Cycle,Single,67506,1,1,4,1,6
4860,1970,Graduation,Single,24206,1,1,1,0,3
10757,1967,PhD,Divorced,28420,1,1,1,0,2
4023,1970,Graduation,Married,22979,1,3,3,2,2
6679,1966,Graduation,Single,33279,0,1,0,0,3
9923,1972,Master,Single,46423,2,3,2,0,4
7181,1977,Graduation,Married,30368,1,2,2,0,3
3599,1970,Graduation,Married,63684,1,3,8,4,8
405,1964,Graduation,Divorced,41638,1,4,5,5,3
6870,1959,PhD,Divorced,68805,1,1,3,1,7
832,1966,PhD,Together,65814,1,3,8,2,10
2002,1958,Graduation,Divorced,71964,0,1,5,6,5
3657,1986,Graduation,Single,39146,1,3,4,0,4
500,1977,Graduation,Together,96876,0,1,7,7,9
1951,1981,Basic,Married,34445,0,6,11,2,8
3262,1958,Graduation,Single,68281,0,1,2,9,13
4102,1975,2n Cycle,Married,37284,2,1,0,0,3
7042,1983,Graduation,Married,36790,0,1,2,1,2
10598,1967,Graduation,Together,27943,2,3,2,0,3
255,1951,Graduation,Divorced,22263,2,2,1,0,3
2375,1972,Graduation,Together,30261,3,1,0,0,3
9829,1978,Graduation,Together,28587,1,3,2,0,4
6214,1982,Master,Married,43815,1,1,2,0,3
4954,1956,Graduation,Married,48195,2,6,4,2,5
7861,1952,Master,Married,77027,1,2,8,3,6
4837,1965,PhD,Married,71322,1,2,8,5,13
9423,1979,Master,Married,32765,1,2,2,0,4
4198,1965,Graduation,Together,29672,2,1,0,0,3
153,1953,Graduation,Divorced,23272,0,1,1,0,3
9323,1949,Master,Together,49912,1,4,10,5,7
10001,1985,2n Cycle,Together,7500,1,4,2,1,3
3945,1947,PhD,Widow,68117,1,2,11,8,4
3799,1955,Graduation,Married,67225,1,3,7,2,11
8625,1976,Graduation,Married,17649,1,3,3,0,3
3491,1975,Graduation,Together,55914,1,4,11,6,8
983,1984,Graduation,Married,40059,1,1,6,2,3
9119,1950,Graduation,Together,60905,1,2,3,3,7
4786,1977,Graduation,Married,75330,2,4,10,3,12
5872,1951,Graduation,Single,60689,1,4,4,4,10
6568,1984,Graduation,Married,38680,1,1,2,0,3
5628,1982,Graduation,Together,61416,0,1,10,3,10
5631,1991,Graduation,Single,49767,0,1,5,4,8
4974,1970,Graduation,Single,83273,3,10,4,6,9
8416,1981,Graduation,Married,29009,1,2,2,0,3
5454,1979,Master,Married,45057,1,1,2,0,3
4095,1971,Graduation,Married,37150,1,8,4,3,6
5474,1970,Graduation,Single,43020,1,3,4,1,4
4268,1959,Graduation,Married,53154,1,1,3,1,4
10701,1973,Graduation,Married,65308,0,1,7,8,12
3507,1970,Graduation,Single,76467,1,2,2,5,5
2079,1947,2n Cycle,Married,81044,0,1,5,6,10
626,1951,Graduation,Married,32871,2,1,1,0,3
4426,1975,Graduation,Single,55801,2,6,7,2,6
2591,1959,Graduation,Widow,76320,1,2,6,3,4
10509,1955,Master,Single,36927,2,2,3,0,3
6382,1953,Graduation,Together,48794,2,1,1,0,3
6673,1965,Graduation,Single,23478,0,1,3,0,3
7441,1973,Graduation,Divorced,71128,1,3,2,10,12
1071,1976,PhD,Divorced,70179,1,3,7,3,13
10061,1950,Graduation,Married,59462,1,2,9,2,12
7187,1969,Master,Together,,2,7,4,10,4
8775,1969,Graduation,Together,38361,1,3,3,1,3
1612,1981,PhD,Single,,1,2,3,0,3
2345,1982,PhD,Together,70038,0,1,4,4,8
322,1978,Graduation,Together,42554,2,2,2,0,3
10897,1974,Graduation,Married,67445,1,5,9,6,12
123,1951,Graduation,Widow,67046,1,2,4,5,4
6103,1948,Graduation,Married,42192,0,1,2,1,3
7899,1952,PhD,Married,77610,1,2,4,7,4
10500,1984,Graduation,Married,31761,1,2,3,0,4
1655,1979,Graduation,Together,34350,1,1,1,0,3
2406,1949,Graduation,Together,54591,1,3,6,2,8
2712,1956,Graduation,Married,71866,1,1,6,3,10
5517,1969,Graduation,Married,25293,1,1,1,1,2
10643,1987,PhD,Single,42000,0,2,5,2,11
2254,1983,Graduation,Married,69520,0,1,9,6,5
10281,1970,Graduation,Divorced,64713,1,2,5,5,7
6958,1977,Master,Married,27889,1,1,1,1,2
954,1960,Basic,Widow,22123,0,1,2,1,3
5079,1971,Graduation,Married,,2,4,2,1,3
10339,1954,Master,Together,,1,2,4,1,4
4643,1973,Graduation,Married,27803,1,2,3,0,4
3117,1955,Graduation,Single,,1,3,6,1,5
6497,1960,Graduation,Married,51651,1,4,6,2,5
5396,1988,Graduation,Married,68487,0,1,9,7,13
5250,1943,Master,Widow,,0,1,5,5,11
1052,1969,Graduation,Married,56796,1,3,8,9,7
2802,1992,2n Cycle,Married,87000,0,1,4,6,7
6343,1959,Graduation,Married,79823,1,1,6,9,7
6507,1980,Graduation,Single,30828,1,2,1,1,4
7901,1971,Master,Married,34109,1,1,0,0,3
4865,1974,Master,Divorced,53367,2,7,5,1,8
2686,1969,Basic,Together,22390,0,1,1,0,2
3107,1976,Graduation,Together,71322,1,1,4,1,7
7734,1993,Graduation,Absurd,79244,0,1,4,10,7
1146,1949,Master,Together,49912,1,4,10,5,7
11031,1950,PhD,Married,48699,2,1,1,0,3
7428,1975,Graduation,Together,80144,0,1,3,7,8
975,1956,Graduation,Single,54252,2,5,4,1,5
1103,1976,Master,Married,81929,1,2,4,4,10
3422,1975,Graduation,Married,76068,1,1,2,3,4
1055,1976,Master,Married,53204,2,1,1,0,3
6544,1949,PhD,Together,67911,1,3,6,7,11
1241,1984,2n Cycle,Married,14796,1,2,1,0,3
2909,1974,PhD,Married,78128,1,2,8,4,6
5802,1972,Basic,Married,14188,0,1,2,0,4
1407,1986,Basic,Married,20425,1,2,2,0,3
6183,1962,Master,Married,58646,1,1,2,1,4
340,1970,Graduation,Divorced,72967,1,2,7,2,8
5991,1949,Master,Married,48150,1,3,5,1,4
3104,1961,Graduation,Single,82332,0,1,5,3,12
9729,1955,Graduation,Widow,58275,2,6,8,2,7
1008,1981,PhD,Together,44953,0,1,7,3,13
11091,1953,Graduation,Together,34587,2,2,1,0,3
3969,1974,Master,Together,43018,1,1,2,2,2
1916,1954,Master,Married,45736,1,5,7,1,6
9907,1969,Master,Together,66476,1,2,6,8,10
87,1981,2n Cycle,Married,27733,1,2,2,0,3
8659,1952,PhD,Together,69805,1,2,6,8,11
6262,1962,Master,Single,72217,0,1,3,10,8
6147,1971,Graduation,Divorced,25818,1,1,0,1,2
8832,1976,Master,Together,37509,1,2,3,0,4
10067,1976,2n Cycle,Together,25176,2,1,1,0,2
7532,1980,Graduation,Married,43586,1,3,3,0,4
4915,1956,2n Cycle,Married,53230,1,4,5,2,12
2115,1957,Graduation,Together,50116,2,2,1,0,4
2088,1972,Graduation,Together,84906,0,1,5,6,12
2493,1966,Graduation,Married,61286,1,2,7,1,8
6292,1986,PhD,Married,82333,0,1,4,3,10
1631,1965,PhD,Together,65220,0,4,8,4,7
10104,1974,Graduation,Together,33590,3,1,1,0,2
3006,1976,Graduation,Divorced,30992,1,1,1,0,3
3919,1976,Master,Single,72309,0,1,5,6,8
11181,1949,PhD,Married,156924,0,0,0,0,0
642,1980,Basic,Married,16005,1,3,2,1,2
4369,1957,Master,Absurd,65487,0,3,3,5,6
10127,1965,Graduation,Married,58692,1,1,8,2,4
271,1969,Graduation,Widow,40590,2,5,3,4,3
4973,1970,Graduation,Single,20587,1,1,1,1,2
2948,1954,Master,Divorced,62637,1,1,2,2,5
2715,1966,Master,Divorced,29435,2,4,3,2,2
10432,1974,Graduation,Divorced,19346,1,1,1,0,3
9216,1971,Graduation,Married,35788,2,2,2,0,3
7124,1968,Graduation,Divorced,36997,2,5,2,1,4
9727,1957,Graduation,Married,23539,0,1,2,0,4
5136,1973,Graduation,Single,65333,1,7,9,4,8
9790,1957,Graduation,Single,78499,0,1,11,3,4
1818,1971,PhD,Together,29732,1,1,2,0,2
1100,1960,Master,Together,41275,3,4,3,1,3
7873,1973,PhD,Together,63516,2,4,4,1,7
10609,1962,PhD,Married,42769,1,2,1,1,4
6950,1958,Master,Married,49572,2,2,2,0,3
7233,1972,Graduation,Married,69209,0,2,5,3,6
9481,1976,Graduation,Married,17148,1,4,3,1,3
7699,1969,Graduation,Widow,40590,2,5,3,4,3
2711,1976,Master,Together,30560,1,1,1,0,3
8933,1983,2n Cycle,Married,32146,1,2,2,0,4
8726,1964,2n Cycle,Divorced,41713,2,5,3,1,4
1515,1975,Master,Together,34176,1,1,1,0,3
5186,1955,PhD,Married,58482,1,2,7,4,9
10157,1965,Graduation,Single,59686,1,1,4,1,6
5667,1964,PhD,Married,60896,1,3,9,10,4
902,1980,Graduation,Together,62994,1,1,6,2,4
977,1957,Graduation,Together,47320,1,6,5,1,8
7313,1949,2n Cycle,Widow,74859,0,1,6,5,11
7600,1992,Basic,Single,15253,1,2,1,0,3
9706,1974,PhD,Single,31560,1,2,2,1,3
2429,1954,Graduation,Divorced,72071,1,3,5,4,8
3520,1990,Master,Single,91172,0,0,4,3,7
10394,1984,Graduation,Married,90000,0,1,4,8,5
4548,1981,Graduation,Single,41967,2,1,1,0,3
9362,1965,Graduation,Single,69263,1,1,9,1,7
3968,1970,2n Cycle,Divorced,65706,0,1,11,3,12
4084,1975,Graduation,Together,60934,1,2,6,4,11
6721,1951,Graduation,Married,71965,1,3,6,3,5
2829,1955,Graduation,Married,65210,1,2,9,3,8
1772,1975,PhD,Married,79174,0,1,5,6,7
1544,1967,Master,Divorced,81380,0,1,4,2,10
492,1973,PhD,YOLO,48432,1,5,7,1,6
4377,1971,Graduation,Married,52914,1,2,7,3,3
4541,1955,Graduation,Together,38946,1,2,3,1,6
1321,1974,Graduation,Married,26067,1,3,3,0,3
8858,1972,PhD,Married,44325,1,4,8,2,7
3266,1964,Graduation,Married,42523,0,1,1,1,4
11187,1978,Basic,Single,26487,1,3,2,1,3
8207,1957,2n Cycle,Married,53233,1,1,1,0,3
9723,1960,Graduation,Married,67716,1,4,7,4,13
2666,1972,Master,Married,76234,1,1,8,3,11
5721,1956,PhD,Married,84117,0,1,7,10,6
10652,1957,Master,Together,65487,0,3,3,5,6
1646,1972,Basic,Married,25224,1,2,1,1,3
4418,1983,Master,Single,89616,0,1,7,5,12
2656,1971,Graduation,Divorced,40851,2,1,1,1,2
7990,1947,Graduation,Married,27469,0,1,0,0,3
8722,1957,2n Cycle,Married,82347,0,1,7,7,10
7118,1957,Graduation,Married,73803,1,2,9,5,6
2980,1952,Master,Single,8820,2,4,3,0,3
1839,1974,Graduation,Single,43322,0,1,3,0,4
10722,1973,Graduation,Together,55593,1,2,6,6,3
2632,1954,Graduation,Married,50501,2,7,5,4,4
9014,1975,Graduation,Married,37085,2,4,3,0,3
7620,1990,Basic,Single,16185,1,2,2,2,2
10968,1969,Graduation,Single,57731,1,4,8,8,6
11133,1973,PhD,YOLO,48432,1,5,7,1,6
2736,1978,Graduation,Married,73807,1,2,5,5,11
1876,1990,Graduation,Married,18929,0,1,1,0,4
5959,1968,Graduation,Single,35893,2,6,3,1,5
1092,1980,Graduation,Married,61014,1,4,9,3,4
4333,1954,Graduation,Together,32144,2,4,2,1,3
3850,1963,Basic,Together,14918,1,1,1,0,3
6168,1963,Graduation,Divorced,45146,2,2,1,1,2
607,1955,2n Cycle,Divorced,41769,1,6,8,1,7
10469,1981,Graduation,Together,88325,0,1,6,2,9
6983,1950,Master,Divorced,38054,2,2,2,0,3
3661,1995,2n Cycle,Single,80617,0,1,4,6,8
9303,1976,Graduation,Married,5305,1,0,1,0,0
692,1954,Graduation,Together,36807,2,1,1,0,2
736,1983,Graduation,Together,28427,1,2,2,0,3
9589,1948,PhD,Widow,82032,0,0,4,6,7
4838,1978,Graduation,Together,22775,1,1,1,0,2
9246,1985,Master,Together,40101,1,4,6,1,6
6261,1979,Graduation,Married,58025,1,3,3,2,10
7366,1982,Master,Single,75777,0,1,3,6,11
10659,1979,2n Cycle,Together,7500,1,4,3,2,2
1448,1963,Master,Married,33562,3,3,2,0,4
4286,1970,PhD,Single,57642,1,3,7,6,6
4749,1968,Graduation,Together,58554,2,6,8,2,6
4478,1979,Graduation,Married,63777,2,8,11,1,6
4201,1962,Graduation,Single,57967,1,5,4,2,8
8720,1978,2n Cycle,Together,,0,0,0,0,1
10084,1972,Graduation,Married,24434,2,2,2,1,2
7004,1984,Graduation,Single,11012,1,3,3,1,2
9817,1970,Master,Single,44802,0,2,9,4,12
8080,1986,Graduation,Single,26816,0,1,0,0,3
9432,1977,Graduation,Together,666666,1,4,3,1,3
8372,1974,Graduation,Married,34421,1,1,1,0,2
10870,1967,Graduation,Married,61223,1,2,9,3,4
4001,1946,PhD,Together,64014,3,7,8,2,5
7270,1981,Graduation,Divorced,56981,0,1,2,3,13
8235,1956,Master,Together,69245,1,2,6,5,10
9405,1954,PhD,Married,52869,2,3,3,1,4
